,source,title,description,content
0,TechCrunch,ev charging solutions become asset liability grid,although wireless charging still relatively new market benefits beginning become glaringly self evident,president joe biden’s plan electric vehicles evs comprise roughly half u sales 2030 clear indication u making strides decarbonizing transportation systems… 8883 chars
1,TechCrunch,hyundai motor group unveils hydrogen strategy plans offer fuel cell versions commercial cars 2028,hyundai motor group backing hydrogen top energy solution sustainability new fuel cell system plans launch next years south korean automaker said provide hydrogen fuel cell versions commercia…,hyundai motor group backing hydrogen top energy solution sustainability new fuel cell system plans launch next years south korean automaker said wi… 4247 chars
2,Wiley.com,electric vehicles produce substantial toxicity humans freshwater,electric vehicles evs coupled low carbon electricity sources offer potential reducing greenhouse gas emissions exposure tailpipe emissions personal transportation consi,introduction global society dependent road transport development trends project substantial growth road transport coming decades according study commissioned … 45710 chars
3,Reuters,zurich insurance sets climate steps curb c02 emissions reuters,zurich insurance group href https www reuters com companies zurn target blank zurn unveiled new climate measures swiss insurer said would cut carbon dioxide co2 emissions fifth 40 000 tonnes per year 2…,ceo mario greco swiss zurich insurance addresses news conference zurich switzerland february 9 2017 reuters arnd wiegmann file photozurich sept 7 reuters zurich insurance group zurn … 1472 chars
4,Reuters,update 1 zurich insurance sets climate steps curb c02 emissions reuters,zurich insurance group unveiled new climate measures swiss insurer said would cut carbon dioxide co2 emissions fifth 40 000 tonnes per year 2025,reuters staff file photo ceo mario greco swiss zurich insurance addresses news conference zurich switzerland february 9 2017 reuters arnd wiegmann file photo zurich reuters zuric… 1363 chars
5,Reuters,update 1 zurich insurance sets climate steps curb c02 emissions reuters,zurich insurance group unveiled new climate measures swiss insurer said would cut carbon dioxide co2 emissions fifth 40 000 tonnes per year 2025,reuters staff adds details background zurich sept 7 reuters zurich insurance group unveiled new climate measures swiss insurer said would cut carbon dioxide co2 emissions b… 1305 chars
6,Reuters,biden infrastructure plan takes ev charging inequality problem reuters,biden administration ambitious 7 5 billion plan expand electric vehicle charging underserved areas must first overcome host obstacles discouraged private investment equitable charging networks,sept 1 reuters biden administration ambitious 7 5 billion plan expand electric vehicle charging underserved areas must first overcome host obstacles disco… 5996 chars
7,Reuters,biden infrastructure plan takes ev charging’s inequality problem reuters,biden administration ambitious 7 5 billion plan expand electric vehicle charging underserved areas must first overcome host obstacles discouraged private investment equitable charging networks,reuters biden administration ambitious 7 5 billion plan expand electric vehicle charging underserved areas must first overcome host obstacles discouraged … 5932 chars
8,Reuters,bmw reduce carbon emissions car life cycle 40 2030 reuters,bmw href https www reuters com companies bmwg de target blank bmwg de plans reduce carbon emissions across life cycle vehicles including production process least 40 2019 levels 2030 carmaker said thurs…,logo german luxury carmaker bmw seen ahead company annual news conference munich germany march 20 2019 reuters michael dalder file photoberlin sept 2 reuters bmw bmwg d… 1480 chars
9,Reuters,analysis china green car credit system replaced country pursues carbon neutrality reuters,china may replace green car credit system new policy focusing broadly reducing carbon emissions industry executives say,cars seen traffic jam evening rush hour beijing country hit outbreak novel coronavirus disease covid 19 china april 8 2020 reuters tingshu wang file ph… 3179 chars
10,Reuters,explainer bmw daimler sued climate change reuters com,german activists filed lawsuit automakers bmw daimler refusing tighten carbon emissions goals first time german citizens sued private companies exacerbating climate change,berlin reuters german activists filed lawsuit automakers bmw daimler refusing tighten carbon emissions goals first time german citizens sued private companies … 5301 chars
11,Reuters,electric vehicles may cut global refining capacity demand half 2050 rystad reuters,global drive towards electrification road transport reduce carbon emissions may cut demand world oil refining capacity half 2050 consultancy rystad energy says,file photo heavy vehicular traffic seen ocean beach neighbourhood san diego california u ahead fourth july holiday july 3 2020 reuters bing guan file photosingapore s… 1671 chars
12,The Next Web,climate change infrastructure problem look ev charger map,america’s 107 000 gas stations fill several cars every five 10 minutes multiple pumps electric vehicle chargers – least yet today u around 43 000 public ev charging stations 106 000 outlets ou…,americas 107 000 gas stations fill several cars every five 10 minutes multiple pumps electric vehicle chargers least yet today u around 43 000 public … 7517 chars
13,CNN,climate wait electric planes sustainable fuel may answer,50 airlines oil companies companies including delta bp boeing pledged wednesday replace 10 global jet fuel supply sustainable aviation fuel saf 2030,london cnn business 50 airlines oil companies companies including delta dal bp bp boeing ba pledged wednesday replace 10 global jet fuel supply sustaina… 8309 chars
14,Zacks.com,tesla tsla make inroads india nod 4 vehicles,tesla tsla inches closer foray india four vehicle variants clear homologation test,september 1 2021 6 min read story originally appeared zackstesla inc tsla set hit indian roads soon union transport ministry approving four models production… 6694 chars
15,Theepochtimes.com,electric vehicles usher new pennsylvania regulations,future electric vehicles pennsylvania topic several discussions statehouse monday,news analysis ready pressure companies individuals adopt electric transportation lurching forward along new regulations likely felt future o… 5974 chars
16,The Next Web,royal mail tests eeny weeny evs uk deliveries,know shift taking stage fall together amazing line experts explore future mobility tnw conference 2021 secure ticket royal mail committed full electrification vehicles 2…,know shift taking stage fall together amazing line experts explore future mobility tnw conference 2021 secure ticket royal mail h… 1973 chars
17,The Next Web,world’s first cobalt free ev batteries finally launched — here’s matters,chinese ev battery manufacturer svolt unveiled claims world’s first cobalt free battery chengdu motor show company showcased innovative battery pack inside ora cherry cat chinese automaker great wall motors that…,chinese ev battery manufacturer svolt unveiled claims worlds first cobalt free battery chengdu motor show company showcased innovative battery pack inside ora ch… 2633 chars
18,Zacks.com,shell rds announces plans ev charging expansion uk,shell rds assist local administration uk cities states committing cover upfront installation costs fund,september 2 2021 4 min read story originally appeared zacksroyal dutch shell plc rds recently announced expand network electric vehicle charging stations u… 4837 chars
19,Reuters,shell vastly expand ev charging network britain reuters,royal dutch shell href https www reuters com companies rdsa l target blank rdsa l wednesday announced plans vastly expand network electric vehicle charging points britain aiming install 50 000 street posts 2025,logo royal dutch shell pictured launch event hydrogen electrolysis plant shell rhineland refinery wesseling near cologne germany july 2 2021 reuters thilo schmuel… 1363 chars
20,StockNews.com,avoid 2 electric vehicle stocks bank america downgraded,face global semiconductor chip shortage electric vehicle ev industry struggling several manufacturers plan production c,face global semiconductor chip shortage electric vehicle ev industry struggling several manufacturers plan production cuts due chip crunch industry expec… 5075 chars
21,The Guardian,aren’t big bike firms tracking environmental impact,trek’s sustainability report appears first kind sector free ride issuetrek one world’s biggest bicycle brands recently released sustainability report 2021 remarkably appears first t…,trek one worlds biggest bicycle brands recently released sustainability report 2021 remarkably appears first time major bike company published document … 6827 chars
22,Reuters,china new infrastructure still relies carbon intensive supply chains greenpeace reuters,report environmental group greenpeace found new chinese infrastructure still relies carbon intensive supply chains though emitted less carbon traditional infrastructure last year,workers walk yujiapu financial centre tianjin china february 22 2016 reuters jason leeshanghai sept 29 reuters report environmental group greenpeace found new chin… 1837 chars
23,The Guardian,shell aims install 50 000 street ev charge points 2025,oil firm sets plans provide third britain’s network needed hit climate targetsshell announced aim install 50 000 street electric vehicle ev charging points uk next four years attempt provide third …,shell announced aim install 50 000 street electric vehicle ev charging points uk next four years attempt provide third network needed hit nationa… 2294 chars
24,Reuters,vitol plans electric hybrid bunker tankers singapore reuters,vitol singaporean bunker operations company v bunkers placed order build two electric hybrid bunker tankers deployed world largest marine refuelling hub singapore company said statement,singapore sept 17 reuters vitol singaporean bunker operations company v bunkers placed order build two electric hybrid bunker tankers deployed world largest marine r… 882 chars
25,TechCrunch,station apple car shakeup sept 11 changed travel pledge airlines,station weekly newsletter dedicated things transportation sign — click station — receive every weekend inbox hi readers welcome station central hub past present future means moving…,station weekly newsletter dedicated things transportation sign click station receive every weekend inbox hi readers welcome station cen… 21202 chars
26,Reuters,fintech firm ideanomics buy via motors nearly 630 mln reuters,financial technology company ideanomics inc href https www reuters com companies idex target blank idex said monday acquire via motors international inc stock deal would value electric commercial vehicle …,aug 30 reuters financial technology company ideanomics inc idex said monday acquire via motors international inc stock deal would value electric commercial … 1526 chars
27,Reuters,surge electric vehicle sales power lithium prices shortages loom reuters,lithium prices jumped highest three years thanks upsurge electric vehicle sales depleting stocks battery material top consumer china,electric car charging station pictured parking lot shanghai china march 13 2021 reuters aly song file photolondon sept 13 reuters lithium prices jumped highest m… 2500 chars
28,The Guardian,clean hybrid car taxed almost rate ferrari,retired bishop faces bigger tax bill swapping old diesel vw environmentally friendly vehiclea retired bishop replaced polluting diesel car much greener plug hybrid model described government’s environmental policie…,retired bishop replaced polluting diesel car much greener plug hybrid model described governments environmental policies completely mad road tax rose zero … 3567 chars
29,Blogspot.com,elon musk tesla suddenly turned bitcoin,elon musk performed sudden u turn bitcoin concerns energy usage says electric car firm tesla longer accept cryptocurrency payment – decision impact could tesla turn alternative cu…,elon musk performed sudden u turn bitcoin concerns energy usage says electric car firm tesla longer accept cryptocurrency payment – decisi… 3069 chars
30,Reuters,sri lanka cease building coal fired plants aims net zero emitter 2050 reuters,sri lanka cease building new coal fired power plants achieve net zero carbon emissions 2050 president gotabaya rajapaksa said address united nations international energy forum friday,colombo sept 24 reuters sri lanka cease building new coal fired power plants achieve net zero carbon emissions 2050 president gotabaya rajapaksa said address united nat… 2220 chars
31,The Next Web,new york bans gas guzzler sales 2035 — states follow suit already,know shift taking stage fall together amazing line experts explore future mobility tnw conference 2021 secure ticket 14 years fossil fuel powered vehicles sold i…,know shift taking stage fall together amazing line experts explore future mobility tnw conference 2021 secure ticket 14 years … 4047 chars
32,Zacks.com,general motors gm brightdrop unveils ev410 completes ev600 build,general motors gm brightdrop introduces second delivery van ev410 vehicle line completes first production build ev,general motorsgm commercial electric vehicle ev business brightdrop recently announced plans add second van ev410 vehicle line 2023 verizon communications one large… 5633 chars
33,The Guardian,one world’s largest retailers plan tackle climate crisis pull,walmart attempting erase huge climate footprint continuing sell tens millions low priced productsevery day seemingly never ending stream toothbrushes toilet paper tape thumbtacks toys products criss cross globe …,every day seemingly never ending stream toothbrushes toilet paper tape thumbtacks toys products criss cross globe network suppliers walmarts 10 500 store… 10950 chars
34,Reuters,air new zealand studying add low emissions planes fleet reuters,air new zealand ltd href https www reuters com companies air nz target blank air nz said thursday studying could use low carbon technologies like electric hybrid hydrogen powered planes dramatically reduce emissions fro…,travellers walk air new zealand sign auckland airport new zealand september 20 2017 reuters nigel marple file photosept 16 reuters air new zealand ltd air nz said thursday … 2383 chars
35,Reuters,power costs could force metal producers europe eurometaux reuters,rising power prices could lead metal producers moving operations away europe undermine eu carbon cutting plans non ferrous metals industry association eurometaux warned european commission,cans cisk lager seen conveyor belt beer packaging facility farsons brewery mriehel malta june 4 2018 reuters darrin zammit lupilondon sept 27 reuters rising power pri… 1888 chars
36,Reuters,un climate talks catalyst action curb warming report reuters,united nations climate talks november crucial catalyst urgent action keep lid global warming global coalition 40 energy producers industrial companies financial institutions said thursday,steam rises sunrise lethabo power station coal fired power station owned state power utility eskom near sasolburg south africa march 2 2016 reuters siphiwe sibekolondon sept 30… 2781 chars
37,Reuters,china blue chips end lower lending data disappoints reuters,chinese blue chips ended lower monday dragged semiconductors tourism stocks official data showed new bank lending beijing rose less expected last month shanghai shares closed higher,reuters staff shanghai sept 13 reuters chinese blue chips ended lower monday dragged semiconductors tourism stocks official data showed new bank lending beijing … 1745 chars
38,VentureBeat,ai estimate corporate greenhouse gas emissions,researchers claim developed model estimate greenhouse gas emissions companies range industries,transform technology summits start october 13th low code code enabling enterprise agility register 2015 representatives 196 countries met le bourget france … 4534 chars
39,New York Times,u south risk floods tropical depression nicholas,forecasters warned storm could produce life threatening flash flooding moves east louisiana wednesday,arvada colo president biden warned tuesday united states decade left confront global climate crisis using second day touring wildfire ravaged west try rally… 6784 chars
40,Fast Company,startup keeps co2 air injecting ‘bio oil’ underground,turning waste would otherwise burned viscous liquid lets charm industrial keep potential emissions safe place years ago ceo tech company segment peter reinhardt started researching company could offset em…,years ago ceo tech company segment peter reinhardt started researching company could offset emissions didn’t like options nature based solutions like reforestat… 4940 chars
41,Reuters,sweden vattenfall raises emission targets eyes 2040 net zero goal reuters,swedish energy company vattenfall vatn ul said monday increased emission reduction goals 2030 brought forward net zero target 10 years 2040 phasing coal increasing wind solar capacity,windmills seen dan tysk wind park swedish energy company vattenfall stadtwerke munich public services munich located west german island sylt north sea april 2… 2201 chars
42,Zacks.com,totalenergies tte issues outlook focuses clean energy,totalenergies tte reiterates goal achieving net zero emissions 2050 making substantial investments enhance clean energy producti,totalenergies sette reaffirmed strategy producing multiple sources energy primary focus cutting carbon emissions totalenergies course meet target net zero carbon… 3879 chars
43,Ars Technica,forget looks love tech 83 200 bmw ix electric suv,ix range 300 miles bmw latest greatest tech,enlarge 83 500 bmw ix brand new technology flagship battery electric suv range 300 miles 8 8 posters participating bmw provided flights munich an… 8399 chars
44,Reuters,u democrats unveil details 150 bln clean electricity plan budget bill reuters,house representatives democrats unveiled details thursday proposed 150 billion payment program aimed wringing greenhouse gas emissions electricity sector cornerstone biden administration plan address climate change,exhaust rises east bend generating station coal fired power plant owned operated duke energy along ohio river union kentucky u september 14 2017 photograph taken at… 2840 chars
45,Reuters,australia top coal exporting state may halve carbon emissions 2030 reuters,australia new south wales state country biggest coal producer said wednesday expects cut carbon emissions 50 2005 levels 2030 setting pace climate action country seen global laggard,coal unloaded onto large piles ulan coal mines near central new south wales rural town mudgee australia march 8 2018 reuters david graymelbourne sept 29 reuters australia … 1970 chars
46,Business Insider,bitcoin mining contribute 0 9 total global emissions 2030 even bullish price scenario nydig,bitcoin mining contribute 0 9 global carbon emissions even coin price hit mind boggling 10 trillion 2030,mining machines federico parra getty images bitcoin mining contribute 0 9 global carbon emissions even coin price hit mind boggling 10 trillion 2030 accor… 2105 chars
47,The Next Web,iaa 2021 recap going big micromobility greenwashing,it’s september person events slowly returning europe week saw return iaa fair moved frankfurt munich new rebrand iaa mobility it’s opportunity car markers show latest designs and…,drank shot every time heard words electric vehicle carbon emissions youd drunk minute two see iaa car markers pushing get ahead regulators show… 179 chars
48,Zacks.com,transalta tac unfolds renewable plans hikes 2022 dividend,transalta tac unveils plans lower emissions 70 within 2030 2005 levels become carbon neutral 2050 also ups 2022 dividend,transalta corporationtac announces strategic growth plans position leader delivering clean electricity aims add 2 gigawatt gw capacity portfolio develop… 3779 chars
49,Global News,trudeau vows regulate oil gas emissions electric car sales global news,ol li trudeau vows regulate oil gas emissions electric car sales global news li li trudeau says back protesters hurl death threats racist sexist slurs cbc ca li li hearts liberals atlantic…,liberal leader justin trudeau put climate change campaign agenda sunday laying promise begin regulating total emissions canada’s oil gas producers invest heavily job … 4084 chars
50,Fast Company,world aiming net zero emissions 2050 it’s time admit it’s enough,governments businesses settled easy remember climate goal even achieve we’ll still face climate disasters could prevented bolder action thirty three years ago sweltering summer day 1988 nasa scientist j…,thirty three years ago sweltering summer day 1988 nasa scientist james hansen stood front congress testified existential threat planet climate changing… 14932 chars
51,Reuters,iveco charts future cnh nikola electric truck deal reuters,iveco truck bus business italian american cnh industrial href https www reuters com companies cnhi mi target blank cnhi mi pressing ahead plans spin aimed expanding electric vehicle production ceo designa…,ulm germany sept 15 reuters iveco truck bus business italian american cnh industrial cnhi mi pressing ahead plans spin aimed expanding electric vehicle produ… 2736 chars
52,Autoblog,biden infrastructure plan takes ev charging’s inequality problem,filed government legal green green culture electric infrastructure continue reading biden infrastructure plan takes ev charging’s inequality problem biden infrastructure plan takes ev charging’s inequality problem originally appeared autoblo…,biden administration ambitious 7 5 billion plan expand electric vehicle charging underserved areas must first overcome host obstacles discouraged private inve… 5722 chars
53,The Guardian,watchdog launch crackdown ads falsely claiming green credentials,asawill conduct series inquiries environmental advertising claims practicesairline ads encourage taking many flights carmakers show suvs tearing countryside set fall foul crackdown marketing encou…,airline ads encourage taking many flights carmakers show suvs tearing countryside set fall foul crackdown marketing encourages environmentally irresponsib… 3278 chars
54,Reuters,exclusive california bay area regulators probe phillips 66 refinery work email reuters,california bay area regulators investigating whether phillips 66 failed obtain necessary permits produce renewable fuels oil refinery rodeo according email reviewed reuters,u oil company phillips 66 headquarters houston texas u september 27 2020 picture taken september 27 2020 reuters gary mcwilliamssept 15 reuters california bay area regulators … 3653 chars
55,Reuters,breakdown beware aussie net zero greenwashing reuters,it’s tempting hope australian government led prime minister scott morrison starting see light climate change speech friday treasurer josh frydenberg called “structural seismic shift” country’s financial system…,firefighter local brigade works extinguish flames bushfire burnt area bredbo new south wales australia february 2 2020 reuters loren elliott melbourne sept 27… 8901 chars
56,Reuters,factbox pros cons el salvador first bitcoin nation reuters,el salvador tuesday become first country world recognize bitcoin legal tender move president nayib bukele says save salvadorans living abroad millions dollars commissions money send home,banner reads accept bitcoin free fast without contagion seen beach cafe punta roca beach la libertad el salvador april 25 2021 reuters jose cabezassan salvador sep… 3821 chars
57,Ars Technica,old coal plant mining bitcoin utility company,bitcoin breathing new life another ailing power plant,19 16 posters participating bitcoins massive power consumption cryptocurrencys dirty secret mine bitcoin computers across globe chew enough electricity power medium… 3500 chars
58,Autoblog,bmw daimler sued climate change,filed government legal green bmw mercedes benz volkswagen emissions continue reading bmw daimler sued climate change bmw daimler sued climate change originally appeared autoblog tue 21 sep 2021 08 …,berlin german activists filed lawsuit automakers bmw daimler refusing tighten carbon emissions goals give fossil fuel emitting cars 2030 first time germa… 5210 chars
59,BBC News,climate change india live without coal,world third largest emitter fossil fuels end reliance coal,rajini vaidyanathanbbc south asia correspondent image source getty images image captioncoal accounts 70 india energy production india world third largest emitter fo… 5682 chars
60,Reuters,south africa tells western envoys needs funds shift coal reuters,south africa told visiting climate envoys united states britain germany france needs major financial support move away coal environment department said wednesday,steam rises sunrise lethabo power station coal fired power station owned state power utility eskom near sasolburg south africa march 2 2016 reuters siphiwe sibeko file photojoha… 2465 chars
61,Reuters,german auto giants place bets hydrogen cars reuters,battery power may frontrunner become car technology future rule underdog hydrogen,bmw ix5 hydrogen seen munich auto show iaa mobility 2021 munich germany september 8 2021 reuters wolfgang rattaymunich sept 22 reuters battery power may frontrunner b… 7459 chars
62,Reuters,illinois senate close providing lifeline 3 nuclear power plants reuters,illinois senate expected vote wide ranging energy bill monday contains incentives prevent exelon corp shutting three nuclear power plants hours company threatened close first one,washington sept 13 reuters illinois senate expected vote wide ranging energy bill monday contains incentives prevent exelon corp shutting three nuclear power plant… 1888 chars
63,Autoblog,genesis maps sustainable ev future 14 years,filed green genesis electric future luxury continue reading genesis maps sustainable ev future 14 years genesis maps sustainable ev future 14 years originally appeared autoblog thu 2 sep 2021 08 25 00 edt please see …,genesis cannonball clear blue waters earth sustainable future using 12 minute livestream announce eco conscious commercial electric vehicle goals next 14 ye… 2303 chars
64,Reuters,australian court rejects kepco plans thermal coal mine reuters,australian state court upheld decision deny approval south korean power utility kepco develop thermal coal mine new south wales state due part impact climate change,melbourne sept 14 reuters australian state court upheld decision deny approval south korean power utility kepco develop thermal coal mine new south wales state due pa… 1846 chars
65,Scientific American,infrastructure bill could cut carbon emissions nearly gigaton,provisions reconciliation package working way congress would help meet biden’s climate pledge read scientificamerican com,reconciliation bill working way congress could cut u greenhouse gas emissions nearly gigaton 2030 according new report analysis released today rhodium g… 3108 chars
66,Reuters,japan mitsui partners exit mexico gas power project reuters,four japanese companies including mitsui co href https www reuters com companies 8031 target blank 8031 agreed sell entire stakes mexican power plant operator mt falcon holdings british fund actis gp llp undi…,logo japanese trading company mitsui amp co seen tokyo japan january 10 2018 reuters toru hanai file phototokyo sept 16 reuters four japanese companies including mitsui amp… 1424 chars
67,Zacks.com,zacks analyst blog highlights alliant energy exelon firstenergy duke energy,zacks analyst blog highlights alliant energy exelon firstenergy duke energy,immediate release chicago il september 28 2021 zacks com announces list stocks featured analyst blog every day zacks equity research analysts discuss latest news eve… 8288 chars
68,Zacks.com,chevron cvx mercuria form jv buy american natural gas,chevron cvx plans increase renewable natural gas production ten fold within 2025 2020 levels part healthier returns,chevron corporations cvx subsidiary chevron u inc recently inked agreements one world leading integrated energy commodities firms mercuria energy trading mercuria form … 3701 chars
69,Ars Technica,limit warming 1 5ºc huge amounts fossil fuels need go unused,nearly 60 percent oil 90 percent coal stay ground,enlarge reach climate goals need stop building 8 7 posters participating massive amount fossil fuels need stay ground world reach … 4568 chars
70,Zacks.com,firstenergy fe capex clean energy goals augur well,firstenergy fe solid residential customer base along capital activities develop infrastructure focus reducing emissions lik,firstenergy corporations fe expanding regulated base improving transmission lines likely boost earnings also companys efforts reduce emission levels expected benefic… 3130 chars
71,The Guardian,building blocks needed prevent climate catastrophe letters,readers respond george monbiot’s article impact infrastructure projects environmentas ever george monbiot hits nail head article emphasising need reduce building especially roads exacerbate climate de…,ever george monbiot hits nail head article emphasising need reduce building especially roads exacerbate climate degradation cant build way the… 3277 chars
72,BBC News,gas crisis leaves europe searching solutions,consumers face steep rise energy bills governments try fund move renewable energy,image source getty images image captionsupplies russian gas fallen recent weeks europeans looking cut reliance surge gas prices hit consumers energy… 7402 chars
73,Reuters,uae connects second barakah nuclear power unit national grid reuters,united arab emirates connected second unit barakah nuclear power plant national power grid state news agency wam said tuesday,uae flag flies boat dubai marina dubai united arab emirates may 22 2015 reuters ahmed jadallah file photodubai sept 14 reuters united arab emirates connected second uni… 852 chars
74,The Guardian,observer view pros cons deep sea mining observer editorial,may merits mining seabed investing alternative green technologies land prioritydeep sea mining become one planet’s divisive problems stripping ocean floor vast mineral wealth proponents …,deep sea mining become one planets divisive problems stripping ocean floor vast mineral wealth proponents say obtain cobalt manganese nickel copper we… 2873 chars
75,Reuters,analysis biden lofty climate goals collide political economic reality reuters,president joe biden campaigned promise restore u leadership global fight climate change followed dizzying number executive orders lofty targets slash emissions,sept 15 reuters president joe biden campaigned promise restore u leadership global fight climate change followed dizzying number executive orders lo… 6128 chars
76,Yahoo Entertainment,german carmakers reject environmental groups climate demand,german automaker daimler friday dismissed “cease desist” demand two environmental groups commit ending sale combustion engine,berlin ap german automaker daimler friday dismissed cease desist demand two environmental groups commit ending sale combustion engine vehicles 2030 lawyers green… 1816 chars
77,CNN,extreme weather keeps knocking america power must,image collapsed electrical tower power lines hurricane ida tossed mississippi river illustrated fundamental challenge facing nation power systems built withstand extreme weather events without major investment…,jennifer granholm 16th united states secretary energy opinions expressed commentary image collapsed electrical tower power lines hurricane i… 5889 chars
78,Reuters,illinois could vote tuesday bill aims save nuclear plants reuters,illinois legislature edging closer vote soon tuesday bill aims prevent two nuclear power plants shutting owner moves close one next month unless state acts,three mile island nuclear power plant pictured royalton pennsylvania u may 30 2017 reuters carlo allegri file photothe company law firm names shown generated automati… 2416 chars
79,Reuters,explainer main battles ahead u democrats 3 5 trillion social spending bill reuters,democrats crafting massive spending package big 3 5 trillion would transform u economy investing free community college childcare green energy funded tax hikes wealthy larger companies,sept 15 reuters democrats crafting massive spending package big 3 5 trillion would transform u economy investing free community college childcare green energy … 4762 chars
80,Reuters,illinois senate passes bill save nuclear plants sends house reuters,illinois senate passed bill early wednesday aims prevent two nuclear power plants shutting autumn sending legislation house uncertain chamber would bring legislation vote,sept 1 reuters illinois senate passed bill early wednesday aims prevent two nuclear power plants shutting autumn sending legislation house unce… 2507 chars
81,Reuters,japan australia firms look build large scale green liquefied hydrogen supply chain reuters,japan biggest hydrogen supplier iwatani corp five firms said wednesday study feasibility building green liquefied hydrogen supply chain japan australia could produce 100 tonnes day around 2026,tokyo sept 15 reuters japan biggest hydrogen supplier iwatani corp five firms said wednesday study feasibility building green liquefied hydrogen supply chain be… 1957 chars
82,Reuters,ebrd urges kazakhstan act quickly decarbonisation reuters,kazakhstan must press ahead decarbonisation projects involve natural gas transition fuel lenders still finance european bank reconstruction development president odile renaud basso said friday,president european bank reconstruction development ebrd odile renaud basso attends interview reuters almaty kazakhstan september 24 2021 reuters pavel mikheyevalmaty s… 2310 chars
83,The Next Web,dear venture capitalists help save world — investing carbon neutral startups,technology evolving faster ever creates opportunity new products business models bringing products quickly market mean industries mobility energy spoke girish nadkarni ceo o…,technology evolving faster ever creates opportunity new products business models bringing products quickly market mean industries a… 4589 chars
84,Reuters,despite green talk pre covid oil demand seen returning soon reuters,world oil demand rise back 100 million barrels per day level last reached 2019 soon second quarter next year according major forecasters challenging views pandemic may curb oil use longer good,oil storage containers seen amid coronavirus disease covid 19 pandemic los angeles california u april 7 2021 reuters lucy nicholsonlondon sept 14 reuters world oil demand … 1885 chars
85,The Wall Street Journal,electric car shift drains fuel taxes countries,officials places like norway u k rethinking ev incentives studying road pricing systems,governments around world long encouraged motorists buy electric cars starting grapple consequence green drive dwindling income fuel taxes several co… 333 chars
86,NPR,next car may built ocean rocks scientists agree good,deep sea mining could provide minerals essential making electric vehicles regulations incomplete questions persist impact ocean ability store carbon dioxide,polymetallic nodules coat fields ocean floor rich critical minerals needed make batteries electric vehicles noaa office ocean exploration research sprawling fields … 13052 chars
87,HYPEBEAST,toyota ceo warns full transition electric vehicles could leave millions japanese workers jobs,toyota ceo akio toyoda concerned radical transition electric vehicles company cost millions japanese workers lose jobs automotive toyoda qualm japanese government pursuit towards carbon neutrality t…,toyota‘s ceo akio toyoda concerned radical transition electric vehicles company cost millions japanese workers lose jobs automotive toyoda’s qualm th… 1655 chars
88,MarketWatch,diageo use wind solar make bulleit bourbon first carbon neutral facility north america,global spirits giant diageo plc owns brands guinness hennessy opened first carbon neutral distillery north america portion bulleit bourbon operations,global spirits giant diageo plc owns brands guinness hennessy opened first carbon neutral distillery north america 72 000 square foot lebanon ky facility will… 4954 chars
89,Slashdot.org,old coal plant mining bitcoin utility company,anonymous reader quotes report ars technica bitcoin massive power consumption cryptocurrency dirty secret mine bitcoin computers across globe chew enough electricity power medium size country somewhere order…,bitcoin massive power consumption cryptocurrency dirty secret mine bitcoin computers across globe chew enough electricity power medium size country somewhere … 2844 chars
90,Business Insider,retailers gain edge critical last mile delivery,last mile delivery seen huge changes led consumer demand new technology helping retailers get ahead competition,last mile supply chain become complicated time consuming costly consideration retailers started moving goods production plants warehouses distribut… 5637 chars
91,CNET,every electric vehicle sale 2021 range roadshow,rounded every ev sale official epa estimated range rivian tesla dive,list electric cars range grows time environmental protection agency estimates rivian r1t startup built first production truck way mo… 16017 chars
92,Springwise.com,world’s first fossil fuel free steel,partnership steel producer mining company resulted new method manufacturing steel without use co2 producing coal post world’s first fossil fuel free steel appeared first springwise,spotted steel everywhere also huge polluter steel production accounts around 8 per cent global co2 emissions means electric vehicles green buildings wh… 2179 chars
93,Quartz India,us electric utilities experimenting flat rate pricing,flat monthly rate makes life easier customers could help utilities reduce carbon footprint,cell phones data plans movie music streaming home energy bill subscription craze finally reached electric utilities us least three companies testing new billing mode… 5574 chars
94,Castanet.net,several new items soon eligible recycling bc bc news castanet net,ol li several new items soon eligible recycling bc bc news castanet net li li mattresses e cigarettes solar panels longer go dump bc – maple ridge news maple ridge news li li view full coverage google news …,new list products eligible provincewide recycling part five year plan advance recycling british columbia electric vehicle batteries mattresses single use fuel canis… 2078 chars
95,The Guardian,deep sea mining cure climate crisis curse,trillions metallic nodules sea floor could help stop global heating mining may damage ocean ecologyin display cabinet recently opened broken planet exhibition london’s natural history museum curators placed small nu…,display cabinet recently opened broken planet exhibition londons natural history museum curators placed small nugget dark material covered faint indentations b… 15961 chars
96,Zacks.com,auto stock roundup aap xpev q2 results f output cut,advance auto parts aap xpeng xpev deliver improved year year results q2 ford f yet forced slash production f,august 30 2021 5 min read story originally appeared zackslast week recreational vehicle rv industry association came shipments data july markedly rv industry … 6052 chars
97,Reuters,illinois senate passes bill save nuclear plants sends house reuters,illinois senate passed bill early wednesday aims prevent two nuclear power plants shutting autumn sending legislation house uncertain chamber would bring legislation vote,company law firm names shown generated automatically based text article improving feature continue test develop beta welcome feedback … 3164 chars
98,Reuters,illinois senate passes bill save nuclear plants sends house reuters com,illinois senate passed bill early wednesday aims prevent two nuclear power plants shutting autumn sending legislation house uncertain chamber would bring legislation vote senate voted 39…,reuters illinois senate passed bill early wednesday aims prevent two nuclear power plants shutting autumn sending legislation house uncertain i… 2787 chars
99,Reuters,update 1 illinois senate passes bill save nuclear plants sends house reuters,illinois senate passed bill early wednesday aims prevent two nuclear power plants shutting autumn sending legislation house uncertain chamber would bring legislation vote,adds exelon comment sept 1 reuters illinois senate passed bill early wednesday aims prevent two nuclear power plants shutting autumn sending legislation … 2894 chars
