,source,author,title,description,url,urlToImage,publishedAt,content
0,"{'id': 'techcrunch', 'name': 'TechCrunch'}",Walter Thompson,"EV charging solutions will become an asset, not a liability, to the grid","Although wireless charging is still relatively new to the market, the benefits are beginning to become glaringly self-evident.",http://techcrunch.com/2021/08/31/ev-charging-solutions-will-become-an-asset-not-a-liability-to-the-grid/,https://techcrunch.com/wp-content/uploads/2021/08/GettyImages-1219328171.jpg?w=600,2021-08-31T14:30:08Z,President Joe Biden’s plan for electric vehicles (EVs) to comprise roughly half of U.S. sales by 2030 is a clear indication that the U.S. is making strides in decarbonizing its transportation systems… [+8883 chars]
1,"{'id': 'techcrunch', 'name': 'TechCrunch'}",Rebecca Bellan,"Hyundai Motor Group unveils its hydrogen strategy, plans to offer fuel cell versions of commercial cars by 2028","Hyundai Motor Group is backing hydrogen as a top energy solution for sustainability. With its new fuel cell system that it plans to launch in the next few years, the South Korean automaker said it will provide hydrogen fuel cell versions for all its commercia…",http://techcrunch.com/2021/09/07/hyundai-motor-group-unveils-its-hydrogen-strategy-plans-to-offer-fuel-cell-versions-of-commercial-cars-by-2028/,https://techcrunch.com/wp-content/uploads/2021/09/Screen-Shot-2021-09-07-at-6.13.04-pm.png?w=706,2021-09-07T07:03:22Z,"Hyundai Motor Group is backing hydrogen as a top energy solution for sustainability. With its new fuel cell system that it plans to launch in the next few years, the South Korean automaker said it wi… [+4247 chars]"
2,"{'id': None, 'name': 'Wiley.com'}",,Electric Vehicles produce substantial toxicity to Humans and Freshwater,Electric vehicles (EVs) coupled with low-carbon electricity sources offer the potential for reducing greenhouse gas emissions and exposure to tailpipe emissions from personal transportation. In consi...,https://onlinelibrary.wiley.com/doi/full/10.1111/j.1530-9290.2012.00532.x,https://onlinelibrary.wiley.com/cms/asset/c6dc7a5d-fc21-4e71-919b-541127bf3efb/jiec.v25.4.cover.jpg,2021-09-08T16:07:02Z,"Introduction
Our global society is dependent on road transport, and development trends project substantial growth in road transport over the coming decades. According to a study commissioned by the … [+45710 chars]"
3,"{'id': 'reuters', 'name': 'Reuters'}",Reuters,Zurich Insurance sets climate steps to curb C02 emissions - Reuters,"Zurich Insurance Group <a href=""https://www.reuters.com/companies/ZURN.S"" target=""_blank"">(ZURN.S)</a> unveiled new climate measures that the Swiss insurer said would cut carbon dioxide (CO2) emissions by a fifth -- or more than 40,000 tonnes per year -- by 2…",https://www.reuters.com/business/sustainable-business/zurich-insurance-sets-climate-steps-curb-c02-emissions-2021-09-07/,https://www.reuters.com/resizer/Wr51vgMBJwat3SHVX7XUe3WNKCk=/1200x628/smart/filters:quality(80)/cloudfront-us-east-2.images.arcpublishing.com/reuters/M5L7O6WGDJJXHEWZ7SPZS7K72M.jpg,2021-09-07T06:04:00Z,"CEO Mario Greco of Swiss Zurich Insurance addresses a news conference in Zurich, Switzerland February 9, 2017. REUTERS/Arnd Wiegmann/File PhotoZURICH, Sept 7 (Reuters) - Zurich Insurance Group (ZURN.… [+1472 chars]"
4,"{'id': 'reuters', 'name': 'Reuters'}",Reuters Staff,UPDATE 1-Zurich Insurance sets climate steps to curb C02 emissions - Reuters,"Zurich Insurance Group unveiled new climate measures that the Swiss insurer said would cut carbon dioxide (CO2) emissions by a fifth -- or more than 40,000 tonnes per year -- by 2025.",https://www.reuters.com/article/us-zurich-ins-group-environment-idUSKBN2G30BT,https://static.reuters.com/resources/r/?m=02&d=20210907&t=2&i=1574046631&r=LYNXMPEH86051&w=800,2021-09-07T05:49:00Z,"By Reuters Staff
FILE PHOTO: CEO Mario Greco of Swiss Zurich Insurance addresses a news conference in Zurich, Switzerland February 9, 2017. REUTERS/Arnd Wiegmann/File Photo
ZURICH (Reuters) - Zuric… [+1363 chars]"
5,"{'id': 'reuters', 'name': 'Reuters'}",Reuters Staff,UPDATE 1-Zurich Insurance sets climate steps to curb C02 emissions - Reuters,"Zurich Insurance Group unveiled new climate measures that the Swiss insurer said would cut carbon dioxide (CO2) emissions by a fifth -- or more than 40,000 tonnes per year -- by 2025.",https://www.reuters.com/article/zurich-ins-group-environment-idUSL8N2Q90LM,https://s1.reutersmedia.net/resources_v2/images/rcom-default.png?w=800,2021-09-07T05:49:00Z,"By Reuters Staff
(Adds details and background)
ZURICH, Sept 7 (Reuters) - Zurich Insurance Group unveiled new climate measures that the Swiss insurer said would cut carbon dioxide (CO2) emissions b… [+1305 chars]"
6,"{'id': 'reuters', 'name': 'Reuters'}",Tina Bellon,Biden infrastructure plan takes on EV charging's inequality problem - Reuters,"The Biden administration has an ambitious $7.5 billion plan to expand electric vehicle charging to underserved areas, but it must first overcome a host of obstacles that have discouraged private investment in more equitable charging networks.",https://www.reuters.com/world/us/biden-infrastructure-plan-takes-ev-chargings-inequality-problem-2021-09-01/,https://www.reuters.com/resizer/yUu5Mp4n_3c3eJH-Bj7YFPeFqkw=/1200x628/smart/filters:quality(80)/cloudfront-us-east-2.images.arcpublishing.com/reuters/KFFTQHJGQZKZDF6V4KMBVP3XJ4.jpg,2021-09-01T11:12:00Z,"Sept 1 (Reuters) - The Biden administration has an ambitious $7.5 billion plan to expand electric vehicle charging to underserved areas, but it must first overcome a host of obstacles that have disco… [+5996 chars]"
7,"{'id': 'reuters', 'name': 'Reuters'}",Tina Bellon,Biden infrastructure plan takes on EV charging’s inequality problem - Reuters,"The Biden administration has an ambitious $7.5 billion plan to expand electric vehicle charging to underserved areas, but it must first overcome a host of obstacles that have discouraged private investment in more equitable charging networks.",https://www.reuters.com/article/us-usa-infrastructure-ev-charging-focus-idUSKBN2FX36V,https://static.reuters.com/resources/r/?m=02&d=20210901&t=2&i=1573552647&r=LYNXMPEH801PI&w=800,2021-09-01T11:09:00Z,"(Reuters) - The Biden administration has an ambitious $7.5 billion plan to expand electric vehicle charging to underserved areas, but it must first overcome a host of obstacles that have discouraged … [+5932 chars]"
8,"{'id': 'reuters', 'name': 'Reuters'}",Reuters,BMW to reduce carbon emissions in car life cycle 40% by 2030 - Reuters,"BMW <a href=""https://www.reuters.com/companies/BMWG.DE"" target=""_blank"">(BMWG.DE)</a> plans to reduce carbon emissions across the life cycle of its vehicles - including the production process - at least 40% from 2019 levels by 2030, the carmaker said on Thurs…",https://www.reuters.com/business/sustainable-business/bmw-reduce-carbon-emissions-car-life-cycle-40-by-2030-2021-09-02/,https://www.reuters.com/resizer/5wCXqdPWqkrXKBxOJiG4fbC_UA8=/1200x628/smart/filters:quality(80)/cloudfront-us-east-2.images.arcpublishing.com/reuters/ZTLNZFMUW5JL3BYYG7GAO7RHDI.jpg,2021-09-02T08:20:00Z,"A logo of German luxury carmaker BMW, is seen ahead of the company's annual news conference in Munich, Germany, March 20, 2019. REUTERS/Michael Dalder/File PhotoBERLIN, Sept 2 (Reuters) - BMW (BMWG.D… [+1480 chars]"
9,"{'id': 'reuters', 'name': 'Reuters'}",,Analysis: China's green car credit system to be replaced as country pursues carbon neutrality - Reuters,"China may replace its green car credit system with a new policy focusing more broadly on reducing carbon emissions, industry executives say.",https://www.reuters.com/business/autos-transportation/chinas-green-car-credit-system-be-replaced-country-pursues-carbon-neutrality-2021-09-27/,https://www.reuters.com/resizer/e2dDP4alhuCeIS0ugB2Ror4IExM=/1200x628/smart/filters:quality(80)/cloudfront-us-east-2.images.arcpublishing.com/reuters/RB2NJ7YVBVLPZKKOQDBDPTFWEA.jpg,2021-09-27T04:08:00Z,"Cars are seen in a traffic jam during evening rush hour in Beijing, as the country is hit by an outbreak of the novel coronavirus disease (COVID-19), China April 8, 2020. REUTERS/Tingshu Wang/File Ph… [+3179 chars]"
10,"{'id': 'reuters', 'name': 'Reuters'}",Victoria Waldersee,Explainer-Why are BMW and Daimler being sued over climate change? - Reuters.com,"German activists have filed a lawsuit against automakers BMW and Daimler for refusing to tighten carbon emissions goals, the first time German citizens have sued private companies for exacerbating climate change.",https://www.reuters.com/article/climate-change-germany-court-explainer-idUSKBN2GH0C5,https://static.reuters.com/resources/r/?m=02&d=20210921&t=2&i=1575430832&r=LYNXMPEH8K05J&w=800,2021-09-21T06:03:00Z,"BERLIN (Reuters) - German activists have filed a lawsuit against automakers BMW and Daimler for refusing to tighten carbon emissions goals, the first time German citizens have sued private companies … [+5301 chars]"
11,"{'id': 'reuters', 'name': 'Reuters'}",,Electric vehicles may cut global refining capacity demand by half in 2050 - Rystad - Reuters,"A global drive towards electrification of road transport to reduce carbon emissions may cut demand for the world's oil refining capacity by half in 2050, consultancy Rystad Energy says.",https://www.reuters.com/business/autos-transportation/electric-vehicles-may-cut-global-refining-capacity-demand-by-half-2050-rystad-2021-09-21/,https://www.reuters.com/resizer/9ALLmXxKmRAPmaHvKqHD983VNyU=/1200x628/smart/filters:quality(80)/cloudfront-us-east-2.images.arcpublishing.com/reuters/JKNIGBOFPZKQFLM3XBNJ2PR7BA.jpg,2021-09-21T07:00:00Z,"FILE PHOTO: Heavy vehicular traffic is seen in the Ocean Beach neighbourhood of San Diego, California, U.S., ahead of the Fourth of July holiday July 3, 2020. REUTERS/Bing Guan/File PhotoSINGAPORE, S… [+1671 chars]"
12,"{'id': 'the-next-web', 'name': 'The Next Web'}",The Conversation,"Climate change is an infrastructure problem, just look at this EV charger map","Most of America’s 107,000 gas stations can fill several cars every five or 10 minutes at multiple pumps. Not so for electric vehicle chargers – at least not yet. Today the U.S. has around 43,000 public EV charging stations, with about 106,000 outlets. Each ou…",https://thenextweb.com/news/climate-change-is-an-infrastructure-problem-look-at-this-ev-charger-map-us-syndication,https://img-cdn.tnwcdn.com/image/shift?filter_last=1&fit=1280%2C640&url=https%3A%2F%2Fcdn0.tnwcdn.com%2Fwp-content%2Fblogs.dir%2F1%2Ffiles%2F2021%2F08%2FUntitled-design-8-3.jpg&signature=6c30c46e027952a53b0809dc79736e18,2021-08-31T17:00:40Z,"Most of Americas 107,000 gas stations can fill several cars every five or 10 minutes at multiple pumps. Not so for electric vehicle chargers at least not yet. Today the U.S. has around 43,000 public … [+7517 chars]"
13,"{'id': 'cnn', 'name': 'CNN'}","Hanna Ziady, CNN Business",The climate can't wait for electric planes. Sustainable fuel may be the answer,"More than 50 airlines, oil companies and other companies, including Delta, BP and Boeing, pledged on Wednesday to replace 10% of global jet fuel supply with sustainable aviation fuel (SAF) by 2030.",https://www.cnn.com/2021/09/22/business/airline-oil-companies-sustainable-aviation-fuels/index.html,https://cdn.cnn.com/cnnnext/dam/assets/210922091158-biofuel-air-france-klm-france-051821-file-super-tease.jpg,2021-09-22T18:08:40Z,"London (CNN Business)More than 50 airlines, oil companies and other companies, including Delta(DAL), BP(BP) and Boeing(BA), pledged on Wednesday to replace 10% of global jet fuel supply with sustaina… [+8309 chars]"
14,"{'id': None, 'name': 'Zacks.com'}",Zacks Equity Research,Tesla (TSLA) to Make Inroads Into India With Nod to 4 Vehicles,Tesla (TSLA) inches closer to its foray into India after four of its vehicle variants clear the homologation test.,http://www.zacks.com/stock/news/1789930/tesla-tsla-to-make-inroads-into-india-with-nod-to-4-vehicles?cid=CS-ENTREPRENEUR-FT-analyst_blog|company_news_-_corporate_actions-1789930,https://assets.entrepreneur.com/providers/zacks/hero-image-zacks-383102.jpeg,2021-09-01T17:56:00Z,"September
1, 2021
6 min read
This story originally appeared on ZacksTesla Inc.TSLA is set to hit the Indian roads soon with the Union transport ministry approving four of its models for production… [+6694 chars]"
15,"{'id': None, 'name': 'Theepochtimes.com'}",The Epoch Times,Electric Vehicles Will Usher in New Pennsylvania Regulations,The future of electric vehicles in Pennsylvania was the topic of several discussions at the statehouse Monday.,https://www.theepochtimes.com/electric-vehicles-will-usher-in-new-pennsylvania-regulations_4019130.html,https://assets.entrepreneur.com/content/3x2/2000/1632860770-GettyImages-921880182.jpg,2021-09-28T20:26:23Z,"News Analysis 
Ready or not, the pressure for companies and individuals to adopt electric transportation is lurching forward along with new regulations that will likely be felt by all.
The future o… [+5974 chars]"
16,"{'id': 'the-next-web', 'name': 'The Next Web'}",Ioanna Lykiardopoulou,Royal Mail tests eeny-weeny EVs for UK deliveries,"Did you know SHIFT is taking the stage this fall? Together with an amazing line-up of experts, we will explore the future of mobility during TNW Conference 2021. Secure your ticket now! Royal Mail has committed to the full electrification of its vehicles by 2…",https://thenextweb.com/news/royal-mail-tests-eeny-weeny-evs-for-uk-deliveries,https://img-cdn.tnwcdn.com/image/shift?filter_last=1&fit=1280%2C640&url=https%3A%2F%2Fcdn0.tnwcdn.com%2Fwp-content%2Fblogs.dir%2F1%2Ffiles%2F2021%2F09%2FUntitled-design-15-13.jpg&signature=94cae9987cc6fb2400038affaa44278f,2021-09-21T08:21:08Z,"Did you know SHIFT is taking the stage this fall? Together with an amazing line-up of experts, we will explore the future of mobility during TNW Conference 2021. Secure your ticket now!
Royal Mail h… [+1973 chars]"
17,"{'id': 'the-next-web', 'name': 'The Next Web'}",Ioanna Lykiardopoulou,World’s first cobalt-free EV batteries finally launched — here’s why it matters,Chinese EV battery manufacturer SVOLT has unveiled what it claims to be the world’s first cobalt-free battery. At Chengdu Motor Show the company showcased its innovative battery pack inside an Ora Cherry Cat from Chinese automaker Great Wall Motors.  And that…,https://thenextweb.com/news/worlds-first-cobalt-free-ev-batteries-finally-launched-svolt-heres-why-it-matters,https://img-cdn.tnwcdn.com/image/shift?filter_last=1&fit=1280%2C640&url=https%3A%2F%2Fcdn0.tnwcdn.com%2Fwp-content%2Fblogs.dir%2F1%2Ffiles%2F2021%2F08%2Fsvolt.jpg&signature=ea5ac4882b57818b604aad7337e02705,2021-08-31T13:27:49Z,"Chinese EV battery manufacturer SVOLT has unveiled what it claims to be the worlds first cobalt-free battery.
At Chengdu Motor Show the company showcased its innovative battery pack inside an Ora Ch… [+2633 chars]"
18,"{'id': None, 'name': 'Zacks.com'}",Zacks Equity Research,Shell (RDS.A) Announces Plans on EV Charging Expansion in UK,Shell (RDS.A) will assist the local administration in the UK cities and states by committing to cover the upfront installation costs that are not fund...,http://www.zacks.com/stock/news/1790647/shell-rds-a-announces-plans-on-ev-charging-expansion-in-uk?cid=CS-ENTREPRENEUR-FT-analyst_blog|company_news_-_energy_sector-1790647,https://assets.entrepreneur.com/providers/zacks/hero-image-zacks-383433.jpeg,2021-09-02T19:02:00Z,"September
2, 2021
4 min read
This story originally appeared on ZacksRoyal Dutch Shell plc. (RDS.A) recently announced that it will expand its network of electric-vehicle charging stations in the U… [+4837 chars]"
19,"{'id': 'reuters', 'name': 'Reuters'}",Ron Bousso,Shell to vastly expand EV charging network in Britain - Reuters,"Royal Dutch Shell <a href=""https://www.reuters.com/companies/RDSa.L"" target=""_blank"">(RDSa.L)</a> on Wednesday announced plans to vastly expand its network of electric vehicle charging points in Britain, aiming to install 50,000 on-street posts by 2025.",https://www.reuters.com/technology/shell-vastly-expand-ev-charging-network-britain-2021-08-31/,https://www.reuters.com/resizer/WZUxDB5-j59xnUBsfrnywBhgBqk=/1200x628/smart/filters:quality(80)/cloudfront-us-east-2.images.arcpublishing.com/reuters/UGBVH3INBFORFPDQDGAZ4YAXUY.jpg,2021-08-31T23:03:00Z,"The logo of Royal Dutch Shell is pictured during a launch event for a hydrogen electrolysis plant at Shell's Rhineland refinery in Wesseling near Cologne, Germany, July 2, 2021. REUTERS/Thilo Schmuel… [+1363 chars]"
20,"{'id': None, 'name': 'StockNews.com'}",Pragya Pandey,Avoid These 2 Electric Vehicle Stocks Bank of America Downgraded,"In the face of a global semiconductor chip shortage, the electric vehicle (EV) industry is struggling. Because several manufacturers plan production c...",https://stocknews.com/news/fsr-ride-avoid-these-2-electric-vehicle-stocks-bank-of-america-downgraded/,https://assets.entrepreneur.com/providers/stocknews/hero-image-stocknews-386531.jpeg,2021-09-20T14:37:02Z,"In the face of a global semiconductor chip shortage, the electric vehicle (EV) industry is struggling. Because several manufacturers plan production cuts due to the chip crunch, the industry is expec… [+5075 chars]"
21,"{'id': None, 'name': 'The Guardian'}",Bernhard Isopp,Why aren’t more big bike firms tracking their environmental impact?,"Trek’s sustainability report appears to be the first of its kind in a sector that has had a free ride on the issueTrek, one of the world’s biggest bicycle brands, recently released its sustainability report for 2021. Remarkably, this appears to be the first t…",https://amp.theguardian.com/environment/bike-blog/2021/sep/23/why-arent-more-big-bike-firms-tracking-their-environmental-impact,https://i.guim.co.uk/img/media/2c8a927aa8f72295faddda6d0b15bf0b00804d4f/693_0_4779_2867/master/4779.jpg?width=1200&height=630&quality=85&auto=format&fit=crop&overlay-align=bottom%2Cleft&overlay-width=100p&overlay-base64=L2ltZy9zdGF0aWMvb3ZlcmxheXMvdGctZGVmYXVsdC5wbmc&enable=upscale&s=62441ecbab0cf820cf8f080d6b19be79,2021-09-23T06:00:41Z,"Trek, one of the worlds biggest bicycle brands, recently released its sustainability report for 2021. Remarkably, this appears to be the first time a major bike company has published such a document.… [+6827 chars]"
22,"{'id': 'reuters', 'name': 'Reuters'}",,China's new infrastructure still relies on carbon-intensive supply chains - Greenpeace - Reuters,"A report from environmental group Greenpeace found that new Chinese infrastructure still relies on carbon-intensive supply chains, though they emitted less carbon than traditional infrastructure last year.",https://www.reuters.com/business/environment/chinas-new-infrastructure-still-relies-carbon-intensive-supply-chains-greenpeace-2021-09-29/,https://www.reuters.com/resizer/2DEW4tUWOMiKBewEZWppK2N7qT4=/1200x628/smart/filters:quality(80)/cloudfront-us-east-2.images.arcpublishing.com/reuters/GIKMW2NKTJPPFOXUKPR737AW3Y.jpg,2021-09-29T01:07:00Z,"Workers walk through the Yujiapu financial centre, in Tianjin, China February 22, 2016. REUTERS/Jason LeeSHANGHAI, Sept 29 (Reuters) - A report from environmental group Greenpeace found that new Chin… [+1837 chars]"
23,"{'id': None, 'name': 'The Guardian'}",Gwyn Topham Transport correspondent,"Shell aims to install 50,000 on-street EV charge points by 2025","Oil firm sets out plans to provide a third of Britain’s network needed to hit climate targetsShell has announced its aim to install 50,000 on-street electric vehicle (EV) charging points in the UK over the next four years, in an attempt to provide a third of …",https://amp.theguardian.com/business/2021/sep/01/shell-on-street-ev-charge-points-2025,https://i.guim.co.uk/img/media/b99f6531c72c5fbc4d87c045d80b5b95d09d8fc8/0_0_5472_3283/master/5472.jpg?width=1200&height=630&quality=85&auto=format&fit=crop&overlay-align=bottom%2Cleft&overlay-width=100p&overlay-base64=L2ltZy9zdGF0aWMvb3ZlcmxheXMvdGctZGVmYXVsdC5wbmc&enable=upscale&s=b9d44befcb920171a1553325ea26febb,2021-09-01T05:01:21Z,"Shell has announced its aim to install 50,000 on-street electric vehicle (EV) charging points in the UK over the next four years, in an attempt to provide a third of the network needed to hit nationa… [+2294 chars]"
24,"{'id': 'reuters', 'name': 'Reuters'}",,Vitol plans electric-hybrid bunker tankers for Singapore - Reuters,"Vitol's Singaporean bunker operations company, V-Bunkers, has placed an order to build two electric-hybrid bunker tankers to be deployed at the world's largest marine refuelling hub in Singapore, the company said in a statement.",https://www.reuters.com/world/asia-pacific/vitol-plans-electric-hybrid-bunker-tankers-singapore-2021-09-17/,https://www.reuters.com/pf/resources/images/reuters/reuters-default.png?d=52,2021-09-17T09:40:00Z,"Singapore, Sept 17 (Reuters) - Vitol's Singaporean bunker operations company, V-Bunkers, has placed an order to build two electric-hybrid bunker tankers to be deployed at the world's largest marine r… [+882 chars]"
25,"{'id': 'techcrunch', 'name': 'TechCrunch'}",Kirsten Korosec,"The Station: Apple car shakeup, how Sept. 11 changed travel, and a pledge from airlines","The Station is a weekly newsletter dedicated to all things transportation. Sign up here — just click The Station — to receive it every weekend in your inbox. Hi readers: Welcome to The Station, your central hub for all past, present and future means of moving…",http://techcrunch.com/2021/09/13/the-station-apple-car-shakeup-how-sept-11-changed-travel-and-a-pledge-from-airlines/,https://techcrunch.com/wp-content/uploads/2021/09/sept.11-zack-whittaker.jpg?w=400,2021-09-13T11:00:04Z,"The Station is a weekly newsletter dedicated to all things transportation. Sign up here just click The Station to receive it every weekend in your inbox.
Hi readers: Welcome to The Station, your cen… [+21202 chars]"
26,"{'id': 'reuters', 'name': 'Reuters'}",Reuters,Fintech firm Ideanomics to buy VIA Motors for nearly $630 mln - Reuters,"Financial technology company Ideanomics Inc <a href=""https://www.reuters.com/companies/IDEX.O"" target=""_blank"">(IDEX.O)</a> said on Monday that it will acquire VIA Motors International Inc in an all-stock deal that would value the electric commercial vehicle …",https://www.reuters.com/business/autos-transportation/fintech-firm-ideanomics-buy-via-motors-nearly-630-mln-2021-08-30/,https://www.reuters.com/pf/resources/images/reuters/reuters-default.png?d=50,2021-08-30T09:05:00Z,Aug 30 (Reuters) - Financial technology company Ideanomics Inc (IDEX.O) said on Monday that it will acquire VIA Motors International Inc in an all-stock deal that would value the electric commercial … [+1526 chars]
27,"{'id': 'reuters', 'name': 'Reuters'}",,Surge in electric vehicle sales power lithium prices as shortages loom - Reuters,"Lithium prices have jumped to their highest in more than three years thanks to an upsurge in electric vehicle sales, depleting stocks of the battery material in top consumer China.",https://www.reuters.com/business/autos-transportation/surge-electric-vehicle-sales-power-lithium-prices-shortages-loom-2021-09-13/,https://www.reuters.com/resizer/dXy5tBEEpfFY9j-Vyp33Xn1LU0Y=/1200x628/smart/filters:quality(80)/cloudfront-us-east-2.images.arcpublishing.com/reuters/KLPIDKNV7BMATI5BK5M6S5FQMI.jpg,2021-09-13T13:35:00Z,"A electric car charging station is pictured in a parking lot in Shanghai, China March 13, 2021. REUTERS/Aly Song/File PhotoLONDON, Sept 13 (Reuters) - Lithium prices have jumped to their highest in m… [+2500 chars]"
28,"{'id': None, 'name': 'The Guardian'}",Miles Brignall,Why is this clean hybrid car taxed at almost the same rate as a Ferrari?,A retired bishop faces a bigger tax bill after swapping his old diesel VW for an environmentally friendly vehicleA retired bishop who replaced a polluting diesel car with a much greener plug-in hybrid model has described the government’s environmental policie…,https://amp.theguardian.com/money/2021/sep/11/why-is-this-clean-hybrid-car-taxed-at-almost-the-same-rate-as-a-ferrari,https://i.guim.co.uk/img/media/557d3f549ddf9f7dff6cc79cd06e259334ccfb81/0_429_4032_2419/master/4032.jpg?width=1200&height=630&quality=85&auto=format&fit=crop&overlay-align=bottom%2Cleft&overlay-width=100p&overlay-base64=L2ltZy9zdGF0aWMvb3ZlcmxheXMvdGctZGVmYXVsdC5wbmc&enable=upscale&s=e7999ebb8dfc1e057551709d044c11ad,2021-09-11T08:00:18Z,A retired bishop who replaced a polluting diesel car with a much greener plug-in hybrid model has described the governments environmental policies as completely mad after his road tax rose from zero … [+3567 chars]
29,"{'id': None, 'name': 'Blogspot.com'}",noreply@blogger.com (Unknown),Why have Elon Musk and Tesla suddenly turned against bitcoin?,"Elon Musk has performed a sudden U-turn on bitcoin over concerns about its energy usage, and says his electric car firm Tesla will no longer accept the cryptocurrency as payment – but will his decision have an impact, and could Tesla turn to an alternative cu…",https://techncruncher.blogspot.com/2021/09/why-have-elon-musk-and-tesla-suddenly.html,https://blogger.googleusercontent.com/img/a/AVvXsEh20SgNNsDlKyWWmB7XgB5SfFY10M6CqJAq93HwGtssTn2cWz6w9zHPjXf91WwoWr27QeaC4HsGv2NxPOXUdvk6xodUojnw8rUuAkEMY3Qb4ucoVpN3nSyF8JW_xVDWa2aSMEWH387hPsfouSJyClLNburIcDbXIeJamuTHwiSvw4hdNnqeeICcvg1wrQ=w1200-h630-p-k-no-nu,2021-09-28T20:03:00Z,"Elon Musk has performed a sudden U-turn on bitcoin over concerns about its energy usage, and says his electric car firm Tesla will no longer accept the cryptocurrency as payment – but will his decisi… [+3069 chars]"
30,"{'id': 'reuters', 'name': 'Reuters'}",,"Sri Lanka to cease building coal-fired plants, aims to be net-zero emitter by 2050 - Reuters","Sri Lanka will cease building new coal-fired power plants and  achieve net-zero carbon emissions by 2050, President Gotabaya Rajapaksa said in an address to the United Nations International Energy Forum on Friday.",https://www.reuters.com/business/sustainable-business/sri-lanka-cease-building-coal-fired-plants-aims-be-net-zero-emitter-by-2050-2021-09-24/,https://www.reuters.com/pf/resources/images/reuters/reuters-default.png?d=53,2021-09-24T18:47:00Z,"COLOMBO, Sept 24 (Reuters) - Sri Lanka will cease building new coal-fired power plants and achieve net-zero carbon emissions by 2050, President Gotabaya Rajapaksa said in an address to the United Nat… [+2220 chars]"
31,"{'id': 'the-next-web', 'name': 'The Next Web'}",Ioanna Lykiardopoulou,New York bans gas guzzler sales by 2035 — can more states follow suit already?,"Did you know SHIFT is taking the stage this fall? Together with an amazing line-up of experts, we will explore the future of mobility during TNW Conference 2021. Secure your ticket now! In 14 years from now, no more fossil fuel-powered vehicles will be sold i…",https://thenextweb.com/news/new-york-bans-gas-guzzler-sales-2035-can-more-states-follow-suit-already,https://img-cdn.tnwcdn.com/image/shift?filter_last=1&fit=1280%2C640&url=https%3A%2F%2Fcdn0.tnwcdn.com%2Fwp-content%2Fblogs.dir%2F1%2Ffiles%2F2021%2F09%2FUntitled-design-15-6.jpg&signature=2a29dca96a7ed67b7012bddd60622492,2021-09-15T11:23:10Z,"Did you know SHIFT is taking the stage this fall? Together with an amazing line-up of experts, we will explore the future of mobility during TNW Conference 2021. Secure your ticket now!
In 14 years … [+4047 chars]"
32,"{'id': None, 'name': 'Zacks.com'}",Zacks Equity Research,"General Motors' (GM) BrightDrop Unveils EV410, Completes EV600 Build","General Motors' (GM) BrightDrop introduces a second delivery van, the EV410, to its vehicle line-up and completes the first production build of the EV...",http://www.zacks.com/stock/news/1802300/general-motors-gm-brightdrop-unveils-ev410-completes-ev600-build?cid=CS-ENTREPRENEUR-FT-analyst_blog|company_news_-_corporate_actions-1802300,https://assets.entrepreneur.com/providers/zacks/hero-image-zacks-388319.jpeg,2021-09-29T10:27:00Z,"General MotorsGM commercial electric vehicle (EV) business BrightDrop recently announced plans to add a second van, the EV410, to its vehicle line-up in 2023. Verizon Communications, one of the large… [+5633 chars]"
33,"{'id': None, 'name': 'The Guardian'}",Kyla Mandel,One of the world’s largest retailers has a plan to tackle the climate crisis. Can it pull it off?,"Walmart is attempting to erase its huge climate footprint while continuing to sell tens of millions of low-priced productsEvery day a seemingly never-ending stream of toothbrushes, toilet paper, tape, thumbtacks, toys and other products criss-cross the globe …",https://amp.theguardian.com/environment/2021/sep/13/walmart-climate-change-plan-can-it-work,https://i.guim.co.uk/img/media/b2d6d26cf14949689ed6482c05edd540fe5f8113/0_59_5676_3409/master/5676.jpg?width=1200&height=630&quality=85&auto=format&fit=crop&overlay-align=bottom%2Cleft&overlay-width=100p&overlay-base64=L2ltZy9zdGF0aWMvb3ZlcmxheXMvdGctZGVmYXVsdC5wbmc&enable=upscale&s=2c5d7d5af00d40a04c287fdb847dba4b,2021-09-13T10:00:18Z,"Every day a seemingly never-ending stream of toothbrushes, toilet paper, tape, thumbtacks, toys and other products criss-cross the globe from a network of suppliers to Walmarts more than 10,500 store… [+10950 chars]"
34,"{'id': 'reuters', 'name': 'Reuters'}",,Air New Zealand studying how to add low-emissions planes to fleet - Reuters,"Air New Zealand Ltd <a href=""https://www.reuters.com/companies/AIR.NZ"" target=""_blank"">(AIR.NZ)</a> said on Thursday it was studying how it could use low-carbon technologies like electric, hybrid or hydrogen powered planes to dramatically reduce emissions fro…",https://www.reuters.com/business/sustainable-business/air-new-zealand-studying-how-add-low-emissions-planes-fleet-2021-09-16/,https://www.reuters.com/resizer/BdOAp0czxeDocoPUZMut_lhJJ_Q=/1200x628/smart/filters:quality(80)/cloudfront-us-east-2.images.arcpublishing.com/reuters/KNJFI6Q6PVIOVKMCXGYPW7TSQE.jpg,2021-09-16T03:01:00Z,"Travellers walk under an Air New Zealand sign at Auckland Airport in New Zealand, September 20, 2017. REUTERS/Nigel Marple/File PhotoSept 16 (Reuters) - Air New Zealand Ltd (AIR.NZ) said on Thursday … [+2383 chars]"
35,"{'id': 'reuters', 'name': 'Reuters'}",,Power costs could force metal producers from Europe - Eurometaux - Reuters,"Rising power prices could lead to metal producers moving operations away from Europe and undermine EU carbon-cutting plans, non-ferrous metals industry association Eurometaux has warned the European Commission.",https://www.reuters.com/world/europe/power-costs-could-force-metal-producers-europe-eurometaux-2021-09-27/,https://www.reuters.com/resizer/WGl3LsiVvv5T4bkiLrLgJ08JFLU=/1200x628/smart/filters:quality(80)/cloudfront-us-east-2.images.arcpublishing.com/reuters/X7ARZS4DJZJOJG5EOLX3YYPM6M.jpg,2021-09-27T11:02:00Z,"Cans of Cisk Lager are seen on a conveyor belt at the beer packaging facility at Farsons Brewery in Mriehel, Malta June 4, 2018. REUTERS/Darrin Zammit LupiLONDON, Sept 27 (Reuters) - Rising power pri… [+1888 chars]"
36,"{'id': 'reuters', 'name': 'Reuters'}",,UN climate talks a 'catalyst' for action to curb warming -report - Reuters,"United Nations climate talks in November are a crucial catalyst for urgent action to keep a lid on global warming, a global coalition of 40 energy producers, industrial companies and financial institutions said on Thursday.",https://www.reuters.com/business/environment/un-climate-talks-catalyst-action-curb-warming-report-2021-09-29/,https://www.reuters.com/resizer/rpc3tiDpniuyee7QMdg1mrsfBzo=/1200x628/smart/filters:quality(80)/cloudfront-us-east-2.images.arcpublishing.com/reuters/JYVNVSJYTBOFXFVEVUVV3OYKEI.jpg,2021-09-29T23:09:00Z,"Steam rises at sunrise from the Lethabo Power Station, a coal-fired power station owned by state power utility ESKOM near Sasolburg, South Africa, March 2, 2016. REUTERS/Siphiwe SibekoLONDON, Sept 30… [+2781 chars]"
37,"{'id': 'reuters', 'name': 'Reuters'}",Reuters Staff,China's blue-chips end lower as lending data disappoints - Reuters,"Chinese blue-chips ended lower on Monday, dragged down by semiconductors and tourism stocks, after an official data showed new bank lending in Beijing rose less than expected last month, while Shanghai shares closed higher.",https://www.reuters.com/article/china-stocks-close-idUSAZN01LYES,https://s1.reutersmedia.net/resources_v2/images/rcom-default.png?w=800,2021-09-13T07:37:00Z,"By Reuters Staff
SHANGHAI, Sept 13 (Reuters) - Chinese blue-chips ended lower on Monday, dragged down by semiconductors and tourism stocks, after an official data showed new bank lending in Beijing … [+1745 chars]"
38,"{'id': None, 'name': 'VentureBeat'}",Kyle Wiggers,AI can estimate corporate greenhouse gas emissions,Researchers claim to have developed a model that can estimate the greenhouse gas emissions of companies in a range of industries.,http://venturebeat.com/2021/09/13/ai-can-estimate-corporate-greenhouse-gas-emissions/,https://venturebeat.com/wp-content/uploads/2019/09/climate-change-e1571844079918.jpg?w=1200&strip=all,2021-09-13T19:55:39Z,"The Transform Technology Summits start October 13th with Low-Code/No Code: Enabling Enterprise Agility. Register now!
In 2015, representatives from more than 196 countries met in Le Bourget, France,… [+4534 chars]"
39,"{'id': None, 'name': 'New York Times'}",The New York Times,U.S. South at Risk of Floods From Tropical Depression Nicholas,Forecasters warned that the storm could produce life-threatening flash flooding as it moves east through Louisiana on Wednesday.,https://www.nytimes.com/live/2021/09/15/us/climate-change,https://static01.nyt.com/images/2021/09/14/us/14weather-climate-vid-cover/merlin_194766339_720ec4fa-3197-47c8-b2b8-0ba940736f64-facebookJumbo.jpg,2021-09-15T10:01:31Z,"ARVADA, Colo. President Biden warned on Tuesday that the United States had only a decade left to confront a global climate crisis, using his second day touring a wildfire-ravaged West to try to rally… [+6784 chars]"
40,"{'id': None, 'name': 'Fast Company'}",Adele Peters,This startup keeps CO2 out of the air by injecting ‘bio oil’ underground,"Turning waste that would otherwise be burned into a viscous liquid lets Charm Industrial keep the potential emissions in a safe place.
A few years ago, as CEO of the tech company Segment, Peter Reinhardt started researching how the company could offset its em…",https://www.fastcompany.com/90677039/this-startup-keeps-co2-out-of-the-air-by-injecting-bio-oil-underground?partner=feedburner&utm_source=feedburner&utm_medium=feed&utm_campaign=feedburner+fastcompany&utm_content=feedburner,"https://images.fastcompany.net/image/upload/w_1280,f_auto,q_auto,fl_lossy/wp-cms/uploads/2021/09/p-01-90677039-this-startup-injects-and8216bio-oiland8217-underground-to-permanently-sequester-co2.jpg",2021-09-16T06:00:00Z,"A few years ago, as CEO of the tech company Segment, Peter Reinhardt started researching how the company could offset its emissions. He didn’t like the options. Nature-based solutions like reforestat… [+4940 chars]"
41,"{'id': 'reuters', 'name': 'Reuters'}",,"Sweden's Vattenfall raises emission targets, eyes 2040 net zero goal - Reuters","Swedish energy company Vattenfall (VATN.UL) said on Monday it increased its emission reduction goals for 2030 and brought forward its net zero target by 10 years to 2040, by phasing out coal and increasing wind and solar capacity.",https://www.reuters.com/business/sustainable-business/swedens-vattenfall-raises-emission-targets-eyes-2040-net-zero-goal-2021-09-20/,https://www.reuters.com/resizer/QsEhdL5k9H-rLweXL2aApmdgBgg=/1200x628/smart/filters:quality(80)/cloudfront-us-east-2.images.arcpublishing.com/reuters/A5DOD52YBZKQLGU4TYCKDXCICI.jpg,2021-09-20T04:36:00Z,"Windmills are seen in the ""Dan Tysk"" wind park of Swedish energy company Vattenfall and Stadtwerke Munich (public services Munich), located west of the German island of Sylt in the North Sea, April 2… [+2201 chars]"
42,"{'id': None, 'name': 'Zacks.com'}",Zacks Equity Research,"TotalEnergies (TTE) Issues Outlook, Focuses on Clean Energy",TotalEnergies (TTE) reiterates its goal of achieving net-zero emissions by 2050. It is making substantial investments to enhance clean energy producti...,http://www.zacks.com/stock/news/1802524/totalenergies-tte-issues-outlook-focuses-on-clean-energy?cid=CS-ENTREPRENEUR-FT-analyst_blog|company_news_-_corporate_actions-1802524,https://assets.entrepreneur.com/providers/zacks/hero-image-zacks-388393.jpeg,2021-09-29T14:40:00Z,"TotalEnergies SETTE reaffirmed its strategy of producing multiple sources of energy, with a primary focus on cutting carbon emissions. TotalEnergies is on course to meet its target of net-zero carbon… [+3879 chars]"
43,"{'id': 'ars-technica', 'name': 'Ars Technica'}",Jonathan M. Gitlin,"Forget the looks, love the tech: The $83,200 BMW iX electric SUV",The iX has a range of 300 miles and all of BMW's latest and greatest tech.,https://arstechnica.com/cars/2021/09/forget-the-looks-love-the-tech-the-83200-bmw-ix-electric-suv/,https://cdn.arstechnica.net/wp-content/uploads/2021/09/BMW-iX-feature-image-e1632777498117-760x380.jpg,2021-09-28T22:01:56Z,"Enlarge/ The $83,500 BMW iX is the brand's new technology flagship. It's a battery electric SUV with a range of more than 300 miles.
8 with 8 posters participating
BMW provided flights to Munich an… [+8399 chars]"
44,"{'id': 'reuters', 'name': 'Reuters'}",,U.S. Democrats unveil details of $150 bln clean electricity plan in budget bill - Reuters,"House of Representatives Democrats unveiled details on Thursday of a proposed $150 billion payment program aimed at wringing greenhouse gas emissions out of the electricity sector, a cornerstone of the Biden administration's plan to address climate change.",https://www.reuters.com/world/us/us-democrats-unveil-details-150-bln-clean-electricity-plan-budget-bill-2021-09-09/,https://www.reuters.com/resizer/zDqNPUVk9euuWt2LHChvuKoqJGo=/1200x628/smart/filters:quality(80)/cloudfront-us-east-2.images.arcpublishing.com/reuters/WIKTETYQA5OM3BXPVAMQ4DML6U.jpg,2021-09-09T21:44:00Z,"Exhaust rises from the East Bend Generating Station, a coal-fired power plant owned and operated by Duke Energy, along the Ohio River in Union, Kentucky, U.S., September 14, 2017. Photograph taken at… [+2840 chars]"
45,"{'id': 'reuters', 'name': 'Reuters'}",,Australia's top coal-exporting state may halve carbon emissions by 2030 - Reuters,"Australia's New South Wales state, the country's biggest coal producer, said on Wednesday it expects to cut its carbon emissions by 50% from 2005 levels by 2030, setting the pace on climate action in a country seen as a global laggard.",https://www.reuters.com/world/asia-pacific/australias-top-coal-exporting-state-may-halve-carbon-emissions-by-2030-2021-09-28/,https://www.reuters.com/resizer/kBWiqmEfUSy0DbF_HYDegAkQDLw=/1200x628/smart/filters:quality(80)/cloudfront-us-east-2.images.arcpublishing.com/reuters/E7JAPTDIENI3ZITELUQNM2DY7A.jpg,2021-09-28T14:05:00Z,"Coal is unloaded onto large piles at the Ulan Coal mines near the central New South Wales rural town of Mudgee in Australia, March 8, 2018. REUTERS/David GrayMELBOURNE, Sept 29 (Reuters) - Australia'… [+1970 chars]"
46,"{'id': 'business-insider', 'name': 'Business Insider'}",cshumba@insider.com (Camomile Shumba),"Bitcoin mining will contribute just 0.9% to total global emissions by 2030, even in the most bullish price scenario: NYDIG",Bitcoin mining will only contribute to 0.9% of global carbon emissions even if the coin's price were to hit a mind-boggling $10 trillion by 2030.,https://markets.businessinsider.com/news/currencies/bitcoin-mining-09-total-global-emissions-2030-bullish-price-nydig-2021-9,https://images2.markets.businessinsider.com/614b39b5de0e7b00194bbe5a?format=jpeg,2021-09-22T14:32:00Z,"Mining machines
FEDERICO PARRA / Getty Images
Bitcoin mining will only contribute to 0.9% of global carbon emissions even if the coin's price were to hit a mind-boggling $10 trillion by 2030, accor… [+2105 chars]"
47,"{'id': 'the-next-web', 'name': 'The Next Web'}",Cate Lawrence,IAA 2021 recap: Going big on micromobility and greenwashing,"It’s September, and in-person events are slowly returning to Europe. This week saw the return of the IAA fair. It moved from Frankfurt to Munich, and its new rebrand is the IAA Mobility> It’s an opportunity for car markers to show off their latest designs and…",https://thenextweb.com/news/can-iaa-mobility-stay-relevant-and-who-is-it-for,https://img-cdn.tnwcdn.com/image/shift?filter_last=1&fit=1280%2C640&url=https%3A%2F%2Fcdn0.tnwcdn.com%2Fwp-content%2Fblogs.dir%2F1%2Ffiles%2F2021%2F09%2Frsz_kopie_von_pk-mercedes_benz_ag-0370.jpeg&signature=52a6dbde628eb6eef7ded2a22f054f47,2021-09-08T12:35:31Z,"If you drank a shot every time you heard the words electric vehicle or carbon emissions, youd be drunk in a minute or two. What we see at IAA is car markers pushing to get ahead to regulators in show… [+179 chars]"
48,"{'id': None, 'name': 'Zacks.com'}",Zacks Equity Research,"TransAlta (TAC) Unfolds Renewable Plans, Hikes 2022 Dividend","TransAlta (TAC) unveils plans to lower emissions by 70% within 2030 from its 2005 levels and become carbon-neutral by 2050. Also, it ups 2022 dividend...",http://www.zacks.com/stock/news/1802748/transalta-tac-unfolds-renewable-plans-hikes-2022-dividend?cid=CS-ENTREPRENEUR-FT-analyst_blog|company_news_-_energy_sector-1802748,https://assets.entrepreneur.com/providers/zacks/hero-image-zacks-388454.jpeg,2021-09-29T17:59:00Z,TransAlta CorporationTAC announces its strategic growth plans that will position it as a leader in delivering clean electricity. It aims to add 2 Gigawatt (GW) of capacity to its portfolio by develop… [+3779 chars]
49,"{'id': None, 'name': 'Global News'}",Staff,"Trudeau vows to regulate oil and gas emissions, electric car sales - Global News","<ol><li>Trudeau vows to regulate oil and gas emissions, electric car sales  Global News
</li><li>Trudeau says he won't back down after protesters hurl death threats, racist and sexist slurs  CBC.ca
</li><li>'Their hearts are not in it.' Liberals in Atlantic…",https://globalnews.ca/news/8150115/liberals-oil-gas-emissions/,https://globalnews.ca/wp-content/uploads/2021/08/CP130851755.jpg?quality=85&strip=all&w=720&h=379&crop=1,2021-08-29T17:40:06Z,"Liberal Leader Justin Trudeau put climate change on his campaign agenda Sunday, laying out a promise to begin regulating total emissions from Canada’s oil and gas producers and invest heavily in job … [+4084 chars]"
50,"{'id': None, 'name': 'Fast Company'}",Adele Peters,The world is aiming for net zero emissions by 2050. It’s time to admit it’s not enough,"Governments and businesses have settled on an easy-to-remember climate goal. But even if we achieve it, we’ll still face climate disasters that could be prevented with bolder action.
Thirty-three years ago, on a sweltering summer day in 1988, NASA scientist J…",https://www.fastcompany.com/90659281/the-world-is-aiming-for-net-zero-emissions-by-2050-its-time-to-admit-its-not-enough?partner=feedburner&utm_source=feedburner&utm_medium=feed&utm_campaign=feedburner+fastcompany&utm_content=feedburner,"https://images.fastcompany.net/image/upload/w_1280,f_auto,q_auto,fl_lossy/wp-cms/uploads/2021/09/p-1-90659281-net-zero-by-2050-isnand8217t-enough.jpg",2021-09-13T06:00:20Z,"Thirty-three years ago, on a sweltering summer day in 1988, NASA scientist James Hansen stood up in front of Congress and testified about an existential threat to the planet: The climate was changing… [+14932 chars]"
51,"{'id': 'reuters', 'name': 'Reuters'}",,Iveco charts future after CNH with Nikola electric truck deal - Reuters,"Iveco, the truck and bus business of Italian-American CNH Industrial <a href=""https://www.reuters.com/companies/CNHI.MI"" target=""_blank"">(CNHI.MI)</a>, is pressing ahead with plans for a spin-off aimed at expanding electric vehicle production, its CEO-designa…",https://www.reuters.com/business/autos-transportation/iveco-charts-future-after-cnh-with-nikola-electric-truck-deal-2021-09-15/,https://www.reuters.com/pf/resources/images/reuters/reuters-default.png?d=52,2021-09-15T15:49:00Z,"ULM, Germany, Sept 15 (Reuters) - Iveco, the truck and bus business of Italian-American CNH Industrial (CNHI.MI), is pressing ahead with plans for a spin-off aimed at expanding electric vehicle produ… [+2736 chars]"
52,"{'id': None, 'name': 'Autoblog'}",Reuters,Biden infrastructure plan takes on EV charging’s inequality problem,"Filed under:
 Government/Legal,Green,Green Culture,Electric,Infrastructure
 Continue reading Biden infrastructure plan takes on EV charging’s inequality problem
Biden infrastructure plan takes on EV charging’s inequality problem originally appeared on Autoblo…",https://www.autoblog.com/2021/09/01/biden-infrastructure-on-charging-inequality/,https://o.aolcdn.com/images/dims3/GLOB/legacy_thumbnail/1062x597/format/jpg/quality/100/https://s.aolcdn.com/os/ab/_cms/2021/09/01075711/charging_hyundai_kona.jpg,2021-09-01T12:14:00Z,"The Biden administration has an ambitious $7.5 billion plan to expand electric vehicle charging to underserved areas, but it must first overcome a host of obstacles that have discouraged private inve… [+5722 chars]"
53,"{'id': None, 'name': 'The Guardian'}",Mark Sweney,Watchdog to launch crackdown on ads falsely claiming green credentials,The ASAwill conduct a series of inquiries into environmental advertising claims and practicesAirline ads that encourage taking too many flights and carmakers that show SUVs tearing up the countryside are set to fall foul of a crackdown on marketing that encou…,https://amp.theguardian.com/media/2021/sep/23/watchdog-to-launch-crackdown-on-ads-falsely-claiming-green-credentials,https://i.guim.co.uk/img/media/35d390235ba48255150efaa745b74ded8d6001ec/0_26_5171_3104/master/5171.jpg?width=1200&height=630&quality=85&auto=format&fit=crop&overlay-align=bottom%2Cleft&overlay-width=100p&overlay-base64=L2ltZy9zdGF0aWMvb3ZlcmxheXMvdGctZGVmYXVsdC5wbmc&enable=upscale&s=515d33691ceb6a8541c4fd0080ba7b13,2021-09-23T05:00:39Z,Airline ads that encourage taking too many flights and carmakers that show SUVs tearing up the countryside are set to fall foul of a crackdown on marketing that encourages environmentally irresponsib… [+3278 chars]
54,"{'id': 'reuters', 'name': 'Reuters'}",,EXCLUSIVE California Bay area regulators probe Phillips 66 refinery work -email - Reuters,"California Bay Area regulators are investigating whether Phillips 66 failed to obtain necessary permits to produce renewable fuels at its oil refinery in Rodeo, according to an email reviewed by Reuters.",https://www.reuters.com/business/energy/exclusive-california-bay-area-regulators-probe-phillips-66-refinery-work-email-2021-09-15/,https://www.reuters.com/resizer/vYATYamT19teqLtCloc4THiIZlk=/800x419/smart/filters:quality(80)/cloudfront-us-east-2.images.arcpublishing.com/reuters/ATWSHH6HKJKBHJD3REXWWPZOLU.jpg,2021-09-15T15:30:00Z,"U.S. oil company Phillips 66 headquarters in Houston, Texas, U.S., September 27, 2020. Picture taken September 27, 2020. REUTERS/Gary McWilliamsSept 15 (Reuters) - California Bay Area regulators are … [+3653 chars]"
55,"{'id': 'reuters', 'name': 'Reuters'}",,Breakdown: Beware Aussie net-zero greenwashing - Reuters,"It’s tempting to hope the Australian government led by Prime Minister Scott Morrison is starting to see the light on climate change. In a speech on Friday, Treasurer Josh Frydenberg called it a “structural and seismic shift” for the country’s financial system…",https://www.reuters.com/breakingviews/breakdown-beware-aussie-net-zero-greenwashing-2021-09-27/,https://www.reuters.com/resizer/K7LJRSS6jpij_0pZ-edh9ATW5Ig=/1200x628/smart/filters:quality(80)/cloudfront-us-east-2.images.arcpublishing.com/reuters/24PSAXADOVMYNKTPPKENPHEFOI.jpg,2021-09-27T02:52:00Z,"A firefighter from a local brigade works to extinguish flames after a bushfire burnt through the area in Bredbo, New South Wales, Australia, February 2, 2020. REUTERS/Loren Elliott MELBOURNE, Sept 27… [+8901 chars]"
56,"{'id': 'reuters', 'name': 'Reuters'}",Reuters,"Factbox: Pros and cons for El Salvador, the first bitcoin nation - Reuters","El Salvador will on Tuesday become the first country in the world to recognize bitcoin as legal tender, a move President Nayib Bukele says will save Salvadorans living abroad millions of dollars in commissions on money they send home.",https://www.reuters.com/technology/pros-cons-el-salvador-first-bitcoin-nation-2021-09-06/,https://www.reuters.com/resizer/i-rujrihQEoPn0oJnXp9pnt5twM=/1200x628/smart/filters:quality(80)/cloudfront-us-east-2.images.arcpublishing.com/reuters/N3LQ3RRWE5PRRGKH3DX4VLW3RE.jpg,2021-09-06T20:42:00Z,"A banner that reads ""We accept Bitcoin, free, fast and without contagion"" is seen at a beach cafe on Punta Roca Beach in La Libertad, El Salvador April 25, 2021. REUTERS/Jose CabezasSAN SALVADOR, Sep… [+3821 chars]"
57,"{'id': 'ars-technica', 'name': 'Ars Technica'}",Tim De Chant,Old coal plant is now mining bitcoin for a utility company,Bitcoin is breathing new life into another ailing power plant.,https://arstechnica.com/tech-policy/2021/09/old-coal-plant-is-now-mining-bitcoin-for-a-utility-company/,https://cdn.arstechnica.net/wp-content/uploads/2018/01/bitcoin-lightning-760x380.jpg,2021-09-24T20:30:09Z,"19 with 16 posters participating
Bitcoins massive power consumption is the cryptocurrencys dirty secret. To mine bitcoin, computers across the globe chew through enough electricity to power a medium… [+3500 chars]"
58,"{'id': None, 'name': 'Autoblog'}",Reuters,Why BMW and Daimler are being sued over climate change,"Filed under:
 Government/Legal,Green,BMW,Mercedes-Benz,Volkswagen,Emissions
 Continue reading Why BMW and Daimler are being sued over climate change
Why BMW and Daimler are being sued over climate change originally appeared on Autoblog on Tue, 21 Sep 2021 08:…",https://www.autoblog.com/2021/09/21/bmw-mercedes-benz-sued-over-climate-change/,https://o.aolcdn.com/images/dims3/GLOB/legacy_thumbnail/1062x597/format/jpg/quality/100/https://s.aolcdn.com/os/ab/_cms/2021/06/01171438/P90422121_highRes.jpg,2021-09-21T12:30:00Z,BERLIN German activists have filed a lawsuit against automakers BMW and Daimler for refusing to tighten carbon emissions goals and give up fossil fuel-emitting cars by 2030. It's the first time Germa… [+5210 chars]
59,"{'id': 'bbc-news', 'name': 'BBC News'}",https://www.facebook.com/bbcnews,Climate change: Why India can't live without coal,Can the world's third largest emitter of fossil fuels end its reliance on coal?,https://www.bbc.co.uk/news/world-asia-india-58706229,https://ichef.bbci.co.uk/news/1024/branded_news/11E91/production/_120716337_gettyimages-1227824340.jpg,2021-09-28T04:51:23Z,"Rajini VaidyanathanBBC South Asia Correspondent 
image source, Getty Images
image captionCoal accounts for more than 70% of India's energy production
India, the world's third largest emitter of fo… [+5682 chars]"
60,"{'id': 'reuters', 'name': 'Reuters'}",,South Africa tells Western envoys it needs funds to shift from coal - Reuters,"South Africa told visiting climate envoys from the United States, Britain, Germany and France that it needs major financial support to move away from coal, the environment department said on Wednesday.",https://www.reuters.com/world/africa/south-africa-tells-western-envoys-it-needs-funds-shift-coal-2021-09-29/,https://www.reuters.com/resizer/O11Zcj9VeTAWm40FEfF9dzObHP4=/1200x628/smart/filters:quality(80)/cloudfront-us-east-2.images.arcpublishing.com/reuters/JXF73AZJVNI7VDOQ3WHPKW4UCQ.jpg,2021-09-29T16:47:00Z,"Steam rises at sunrise from the Lethabo Power Station, a coal-fired power station owned by state power utility ESKOM near Sasolburg, South Africa, March 2, 2016. REUTERS/Siphiwe Sibeko/File PhotoJOHA… [+2465 chars]"
61,"{'id': 'reuters', 'name': 'Reuters'}",,German auto giants place their bets on hydrogen cars - Reuters,"Battery power may be the frontrunner to become the car technology of the future, but don't rule out the underdog hydrogen.",https://www.reuters.com/technology/german-auto-giants-place-their-bets-hydrogen-cars-2021-09-22/,https://www.reuters.com/resizer/6G04b5k7QvSYzQ5MWZGI9pX-ZRA=/1200x628/smart/filters:quality(80)/cloudfront-us-east-2.images.arcpublishing.com/reuters/BQSLEQ4OENJGRONXAUXGJDPN7U.jpg,2021-09-22T05:09:00Z,"BMW iX5 Hydrogen is seen during Munich Auto Show, IAA Mobility 2021 in Munich, Germany, September 8, 2021. REUTERS/Wolfgang RattayMUNICH, Sept 22 (Reuters) - Battery power may be the frontrunner to b… [+7459 chars]"
62,"{'id': 'reuters', 'name': 'Reuters'}",,Illinois Senate close to providing lifeline to 3 nuclear power plants - Reuters,The Illinois Senate is expected to vote on a wide-ranging energy bill on Monday that contains incentives to prevent Exelon Corp from shutting three nuclear power plants just hours before the company threatened to close the first one.,https://www.reuters.com/world/us/illinois-senate-close-providing-lifeline-3-nuclear-power-plants-2021-09-13/,https://www.reuters.com/resizer/Zc-jibFA2p5nwApr_vfERH29Kc4=/1200x628/smart/filters:quality(80)/cloudfront-us-east-2.images.arcpublishing.com/reuters/BDTZFD2KN5PCHH2U7D4K6HECQ4.jpg,2021-09-13T16:48:00Z,"WASHINGTON, Sept 13 (Reuters) - The Illinois Senate is expected to vote on a wide-ranging energy bill on Monday that contains incentives to prevent Exelon Corp from shutting three nuclear power plant… [+1888 chars]"
63,"{'id': None, 'name': 'Autoblog'}",Jonathon Ramsey,"Genesis maps out its sustainable EV future, 14 years out","Filed under:
 Green,Genesis,Electric,Future,Luxury
 Continue reading Genesis maps out its sustainable EV future, 14 years out
Genesis maps out its sustainable EV future, 14 years out originally appeared on Autoblog on Thu, 2 Sep 2021 08:25:00 EDT. Please see …",https://www.autoblog.com/2021/09/02/genesis-product-roadmap-future-evs/,https://o.aolcdn.com/images/dims3/GLOB/crop/1575x886+0+0/resize/800x450!/format/jpg/quality/85/https://s.aolcdn.com/os/ab/_cms/2021/09/02040356/genesis_sustainable_ev_future.jpg,2021-09-02T12:25:00Z,"Genesis just did a cannonball into the clear blue waters of Earth's sustainable future, using a 12-minute livestream to announce eco-conscious commercial and electric-vehicle goals for the next 14 ye… [+2303 chars]"
64,"{'id': 'reuters', 'name': 'Reuters'}",,Australian court again rejects Kepco plans for thermal coal mine - Reuters,"An Australian state court has upheld a decision to deny approval for South Korean power utility Kepco to develop a thermal coal mine in New South Wales state due, in part, to its impact on climate change.",https://www.reuters.com/business/energy/australian-court-again-rejects-kepco-plans-thermal-coal-mine-2021-09-14/,https://www.reuters.com/pf/resources/images/reuters/reuters-default.png?d=52,2021-09-14T08:22:00Z,"MELBOURNE, Sept 14 (Reuters) - An Australian state court has upheld a decision to deny approval for South Korean power utility Kepco to develop a thermal coal mine in New South Wales state due, in pa… [+1846 chars]"
65,"{'id': None, 'name': 'Scientific American'}","Nick Sobczyk, E&E News",Infrastructure Bill Could Cut Carbon Emissions By Nearly a Gigaton,"Provisions in the reconciliation package working its way through Congress would help meet Biden’s climate pledge

-- Read more on ScientificAmerican.com",https://www.scientificamerican.com/article/infrastructure-bill-could-cut-carbon-emissions-by-nearly-a-gigaton/,https://static.scientificamerican.com/sciam/cache/file/510F1927-61F6-4C2D-813B7AC7B6A408AF.jpg,2021-09-15T17:45:00Z,"The reconciliation bill working its way through Congress could cut U.S. greenhouse gas emissions by nearly a gigaton by 2030, according to a new report.
The analysis, released today by the Rhodium G… [+3108 chars]"
66,"{'id': 'reuters', 'name': 'Reuters'}",,Japan's Mitsui and partners to exit Mexico's gas power project - Reuters,"Four Japanese companies, including Mitsui & Co <a href=""https://www.reuters.com/companies/8031.T"" target=""_blank"">(8031.T)</a>, have agreed to sell their entire stakes in Mexican power plant operator MT Falcon Holdings to British fund Actis GP LLP for an undi…",https://www.reuters.com/business/energy/japans-mitsui-partners-exit-mexicos-gas-power-project-2021-09-16/,https://www.reuters.com/resizer/gL1gZpD4I1PJSBnqQCs711lRDlo=/1200x628/smart/filters:quality(80)/cloudfront-us-east-2.images.arcpublishing.com/reuters/5GWCPQA4GVNYBMQPUH5LP4NBQA.jpg,2021-09-16T08:02:00Z,"The logo of Japanese trading company Mitsui &amp; Co. is seen in Tokyo, Japan, January 10, 2018. REUTERS/Toru Hanai/File PhotoTOKYO, Sept 16 (Reuters) - Four Japanese companies, including Mitsui &amp… [+1424 chars]"
67,"{'id': None, 'name': 'Zacks.com'}",Zacks Equity Research,"The Zacks Analyst Blog Highlights: Alliant Energy, Exelon, FirstEnergy and Duke Energy","The Zacks Analyst Blog Highlights: Alliant Energy, Exelon, FirstEnergy and Duke Energy",http://www.zacks.com/stock/news/1801621/the-zacks-analyst-blog-highlights-alliant-energy-exelon-firstenergy-and-duke-energy?cid=CS-ENTREPRENEUR-FT-press_releases-1801621,https://assets.entrepreneur.com/providers/zacks/hero-image-zacks-388073.jpeg,2021-09-28T10:51:00Z,"For Immediate Release
Chicago, IL September 28, 2021 Zacks.com announces the list of stocks featured in the Analyst Blog. Every day the Zacks Equity Research analysts discuss the latest news and eve… [+8288 chars]"
68,"{'id': None, 'name': 'Zacks.com'}",Zacks Equity Research,"Chevron (CVX), Mercuria to Form JV to Buy American Natural Gas",Chevron (CVX) plans to increase its renewable natural gas production by ten-fold within 2025 from its 2020-levels as part of its healthier returns and...,http://www.zacks.com/stock/news/1796368/chevron-cvx-mercuria-to-form-jv-to-buy-american-natural-gas?cid=CS-ENTREPRENEUR-FT-analyst_blog|company_news_-_energy_sector-1796368,https://assets.entrepreneur.com/providers/zacks/hero-image-zacks-385571.jpeg,2021-09-14T16:34:00Z,Chevron Corporations CVX subsidiary Chevron U.S.A. Inc. recently inked agreements with one of the world's leading integrated energy and commodities firms Mercuria Energy Trading (Mercuria) to form a … [+3701 chars]
69,"{'id': 'ars-technica', 'name': 'Ars Technica'}",Doug Johnson,"To limit warming to 1.5ºC, huge amounts of fossil fuels need to go unused","Nearly 60 percent of oil, 90 percent of coal should stay in the ground.",https://arstechnica.com/science/2021/09/to-limit-warming-to-1-5oc-huge-amounts-of-fossil-fuels-need-to-go-unused/,https://cdn.arstechnica.net/wp-content/uploads/2021/09/GettyImages-1297809831-760x380.jpg,2021-09-08T15:00:01Z,"Enlarge/ To reach our climate goals, we'll need to stop building these.
8 with 7 posters participating
A massive amount of fossil fuels will need to stay in the ground if the world is to reach its … [+4568 chars]"
70,"{'id': None, 'name': 'Zacks.com'}",Zacks Equity Research,FirstEnergy's (FE) Capex & Clean Energy Goals Augur Well,FirstEnergy's (FE) solid residential customer base along with capital activities to develop infrastructure and its focus on reducing emissions are lik...,http://www.zacks.com/stock/news/1799205/firstenergy-s-fe-capex-clean-energy-goals-augur-well?cid=CS-ENTREPRENEUR-FT-analyst_blog|zer_report_update-1799205,https://assets.entrepreneur.com/providers/zacks/hero-image-zacks-386874.jpeg,2021-09-21T17:52:00Z,"FirstEnergy Corporations FE expanding regulated base and improving transmission lines are likely to boost its earnings. Also, the companys efforts to reduce emission levels are expected to be benefic… [+3130 chars]"
71,"{'id': None, 'name': 'The Guardian'}",Letters,The building blocks needed to prevent climate catastrophe | Letters,"Readers respond to George Monbiot’s article on the impact of infrastructure projects on the environmentAs ever, George Monbiot hits the nail on the head with his article emphasising the need to reduce building, especially roads that just exacerbate climate de…",https://amp.theguardian.com/science/2021/sep/08/the-building-blocks-needed-to-prevent-climate-catastrophe,https://i.guim.co.uk/img/media/6d8a19193748843fbb0b755a6fa718e9a0587bf1/0_123_2464_1478/master/2464.jpg?width=1200&height=630&quality=85&auto=format&fit=crop&overlay-align=bottom%2Cleft&overlay-width=100p&overlay-base64=L2ltZy9zdGF0aWMvb3ZlcmxheXMvdGctZGVmYXVsdC5wbmc&enable=upscale&s=c6ffc4b8fe9cd7021288e96533bccfbe,2021-09-08T17:27:30Z,"As ever, George Monbiot hits the nail on the head with his article emphasising the need to reduce building, especially roads that just exacerbate climate degradation (We cant build our way out of the… [+3277 chars]"
72,"{'id': 'bbc-news', 'name': 'BBC News'}",https://www.facebook.com/bbcnews,Gas crisis leaves Europe searching for solutions,Consumers face a steep rise in energy bills as governments try to fund the move to renewable energy.,https://www.bbc.co.uk/news/world-europe-58650634,https://ichef.bbci.co.uk/news/1024/branded_news/73F6/production/_120668692_nordstream2.jpg,2021-09-23T23:18:20Z,"image source, Getty Images
image captionSupplies of Russian gas have fallen in recent weeks, and Europeans are looking to cut their reliance on it
A surge in gas prices has hit consumers and energy… [+7402 chars]"
73,"{'id': 'reuters', 'name': 'Reuters'}",,UAE connects second Barakah nuclear power unit to national grid - Reuters,"The United Arab Emirates has connected the second unit of its Barakah nuclear power plant to the national power grid, state news agency WAM said on Tuesday.",https://www.reuters.com/business/energy/uae-connects-second-barakah-nuclear-power-unit-national-grid-2021-09-14/,https://www.reuters.com/resizer/9CZObAKVH1aFXZygwKdu3jQiowI=/1200x628/smart/filters:quality(80)/cloudfront-us-east-2.images.arcpublishing.com/reuters/P2PXCVRLZNONLGGCD36K5YJBAI.jpg,2021-09-14T07:10:00Z,"UAE flag flies over a boat at Dubai Marina, Dubai, United Arab Emirates May 22, 2015. REUTERS/Ahmed Jadallah/File PhotoDUBAI, Sept 14 (Reuters) - The United Arab Emirates has connected the second uni… [+852 chars]"
74,"{'id': None, 'name': 'The Guardian'}",Observer editorial,The Observer view on the pros and cons of deep-sea mining | Observer editorial,"There may be merits to mining the seabed, but investing in alternative green technologies on land should be the priorityDeep-sea mining has become one of our planet’s most divisive problems. By stripping the ocean floor of its vast mineral wealth, proponents …",https://amp.theguardian.com/commentisfree/2021/aug/29/the-observer-view-on-the-pros-and-cons-of-deep-sea-mining,https://i.guim.co.uk/img/media/0dd13bbe641c01d4e6d64ac589c59f7cc2be41f3/0_147_1600_960/master/1600.jpg?width=1200&height=630&quality=85&auto=format&fit=crop&overlay-align=bottom%2Cleft&overlay-width=100p&overlay-base64=L2ltZy9zdGF0aWMvb3ZlcmxheXMvdG8tb3BpbmlvbnMucG5n&enable=upscale&s=d0584e2eb8725b3e221384417e0e1003,2021-08-29T05:30:08Z,"Deep-sea mining has become one of our planets most divisive problems. By stripping the ocean floor of its vast mineral wealth, proponents say we can obtain the cobalt, manganese, nickel and copper we… [+2873 chars]"
75,"{'id': 'reuters', 'name': 'Reuters'}",,"Analysis: Biden's lofty climate goals collide with political, economic reality - Reuters",President Joe Biden campaigned on a promise to restore U.S. leadership in the global fight against climate change and followed up with a dizzying number of executive orders and lofty targets to slash emissions.,https://www.reuters.com/world/us/bidens-lofty-climate-goals-collide-with-political-economic-reality-2021-09-15/,https://www.reuters.com/resizer/BbW7YRiPEnP6l2pMCme6Zd78MBc=/1200x628/smart/filters:quality(80)/cloudfront-us-east-2.images.arcpublishing.com/reuters/WQFFUC3YANMPFHYNZCMGSEKYXU.jpg,2021-09-15T10:16:00Z,Sept 15 (Reuters) - President Joe Biden campaigned on a promise to restore U.S. leadership in the global fight against climate change and followed up with a dizzying number of executive orders and lo… [+6128 chars]
76,"{'id': None, 'name': 'Yahoo Entertainment'}",Associated Press,German carmakers reject environmental groups' climate demand,German automaker Daimler on Friday dismissed a “cease and desist” demand from two environmental groups to commit to ending the sale of combustion engine...,https://news.yahoo.com/daimler-rejects-environmental-groups-climate-095451907.html,https://s.yimg.com/ny/api/res/1.2/59MGZ_aP1P4eVYRghbzL9g--/YXBwaWQ9aGlnaGxhbmRlcjt3PTEyMDA7aD04MDA-/https://s.yimg.com/uu/api/res/1.2/58DtgmBvjq8kMGVg8edfvA--~B/aD0zNjQ4O3c9NTQ3MjthcHBpZD15dGFjaHlvbg--/https://media.zenfs.com/en/ap.org/e41c2a2cb5f32d1e4afc171c4d3e67d2,2021-09-03T09:54:51Z,"BERLIN (AP) German automaker Daimler on Friday dismissed a cease and desist demand from two environmental groups to commit to ending the sale of combustion engine vehicles by 2030.
Lawyers for Green… [+1816 chars]"
77,"{'id': 'cnn', 'name': 'CNN'}",Opinion by Jennifer M. Granholm for CNN Business Perspectives,Extreme weather keeps knocking out America's power. Here's what we must do,The image of a collapsed electrical tower and power lines that Hurricane Ida tossed into the Mississippi River illustrated a fundamental challenge facing the nation: Our power systems weren't built to withstand extreme weather events. Without major investment…,https://www.cnn.com/2021/09/17/perspectives/clean-energy-economy-build-back-better-agenda/index.html,https://cdn.cnn.com/cnnnext/dam/assets/210916162044-01-extreme-weather-hurricane-ida-power-grid-louisiana-super-tease.jpg,2021-09-17T13:01:14Z,"Jennifer M. Granholm is the 16th United States Secretary of Energy. The opinions expressed in this commentary are her own. 
The image of a collapsed electrical tower and power lines that Hurricane I… [+5889 chars]"
78,"{'id': 'reuters', 'name': 'Reuters'}",Timothy Gardner,Illinois could vote Tuesday on bill that aims to save nuclear plants - Reuters,"The Illinois legislature is edging closer to a vote as soon as Tuesday on a bill that aims to prevent two nuclear power plants from shutting, as the owner moves to close one next month unless the state acts.",https://www.reuters.com/legal/transactional/illinois-could-vote-tuesday-bill-that-aims-save-nuclear-plants-2021-08-31/,https://www.reuters.com/resizer/7qewHJWnpV192_66cUNVi5JiKyE=/1200x628/smart/filters:quality(80)/cloudfront-us-east-2.images.arcpublishing.com/reuters/V7B2ZYLVI5IKDE5NGNW4CZGCKM.jpg,2021-08-31T11:15:00Z,"The Three Mile Island Nuclear power plant is pictured from Royalton, Pennsylvania, U.S. May 30, 2017. REUTERS/Carlo Allegri/File PhotoThe company and law firm names shown above are generated automati… [+2416 chars]"
79,"{'id': 'reuters', 'name': 'Reuters'}",,Explainer: Main battles ahead for U.S. Democrats' $3.5 trillion social spending bill - Reuters,"Democrats are crafting a massive spending package as big as $3.5 trillion that would transform the U.S. economy by investing in free community college, childcare and green energy, funded by tax hikes on the wealthy and larger companies.",https://www.reuters.com/world/us/main-battles-ahead-us-democrats-35-trillion-social-spending-bill-2021-09-15/,https://www.reuters.com/resizer/9EYaeEEGARgi57GmmaMoJha3ZyM=/1200x628/smart/filters:quality(80)/cloudfront-us-east-2.images.arcpublishing.com/reuters/6TGUMH3MHRN5NGBSGMLAPBXHLI.jpg,2021-09-15T18:26:00Z,"Sept 15 (Reuters) - Democrats are crafting a massive spending package as big as $3.5 trillion that would transform the U.S. economy by investing in free community college, childcare and green energy,… [+4762 chars]"
80,"{'id': 'reuters', 'name': 'Reuters'}",Timothy Gardner,"Illinois Senate passes bill to save nuclear plants, sends to House - Reuters","The Illinois Senate passed a bill early on Wednesday that aims to prevent two nuclear power plants from shutting this autumn, sending the legislation to the House where it was uncertain if the chamber would bring the legislation to a vote.",https://www.reuters.com/article/usa-nuclearpower-illinois-idUSL1N2Q31QZ,https://s1.reutersmedia.net/resources_v2/images/rcom-default.png?w=800,2021-09-01T16:58:00Z,"Sept 1 (Reuters) - The Illinois Senate passed a bill early on Wednesday that aims to prevent two nuclear power plants from shutting this autumn, sending the legislation to the House where it was unce… [+2507 chars]"
81,"{'id': 'reuters', 'name': 'Reuters'}",,"Japan, Australia firms look to build large-scale green liquefied hydrogen supply chain - Reuters",Japan's biggest hydrogen supplier Iwatani Corp and five other firms said on Wednesday they will study the feasibility of building a green liquefied hydrogen supply chain between Japan and Australia that could produce 100 tonnes a day by around 2026.,https://www.reuters.com/business/sustainable-business/japan-australia-firms-look-build-large-scale-green-liquefied-hydrogen-supply-2021-09-15/,https://www.reuters.com/pf/resources/images/reuters/reuters-default.png?d=52,2021-09-15T10:14:00Z,"TOKYO, Sept 15 (Reuters) - Japan's biggest hydrogen supplier Iwatani Corp and five other firms said on Wednesday they will study the feasibility of building a green liquefied hydrogen supply chain be… [+1957 chars]"
82,"{'id': 'reuters', 'name': 'Reuters'}",,EBRD urges Kazakhstan to act quickly on decarbonisation - Reuters,"Kazakhstan must press ahead with decarbonisation projects that involve natural gas as a transition fuel while lenders can still finance them, European Bank for Reconstruction and Development President Odile Renaud-Basso said on Friday.",https://www.reuters.com/business/energy/ebrd-urges-kazakhstan-act-quickly-decarbonisation-2021-09-24/,https://www.reuters.com/resizer/4B5Mv8K8IrN8_-hpc95Pk4y2Nn4=/1200x628/smart/filters:quality(80)/cloudfront-us-east-2.images.arcpublishing.com/reuters/R7GOJ55BMNNQXGKE3T5LNCK3RA.jpg,2021-09-24T12:03:00Z,"President of the European Bank for Reconstruction and Development (EBRD) Odile Renaud-Basso attends an interview with Reuters in Almaty, Kazakhstan September 24, 2021. REUTERS/Pavel MikheyevALMATY, S… [+2310 chars]"
83,"{'id': 'the-next-web', 'name': 'The Next Web'}",Cate Lawrence,"Dear Venture Capitalists, you can help save the world — by investing in carbon neutral startups","Technology is evolving faster than ever before. It creates the opportunity for new products, business models, and bringing products more quickly to market. But what does it mean for industries such as mobility and energy? I spoke to Girish Nadkarni, the CEO o…",https://thenextweb.com/news/venture-capital-in-b2b-carbon-netural-startups,https://img-cdn.tnwcdn.com/image/shift?filter_last=1&fit=1280%2C640&url=https%3A%2F%2Fcdn0.tnwcdn.com%2Fwp-content%2Fblogs.dir%2F1%2Ffiles%2F2021%2F09%2Frsz_untitled_design_1.png&signature=fed96444a8b29dc3b4d9b076329d379b,2021-09-24T08:40:30Z,"Technology is evolving faster than ever before. It creates the opportunity for new products, business models, and bringing products more quickly to market. But what does it mean for industries such a… [+4589 chars]"
84,"{'id': 'reuters', 'name': 'Reuters'}",,"Despite green talk, pre-COVID oil demand seen returning soon - Reuters","World oil demand will rise back above 100 million barrels per day, a level last reached in 2019, as soon as the second quarter of next year, according to major forecasters, challenging views that the pandemic may curb oil use for longer or for good.",https://www.reuters.com/business/energy/despite-green-talk-pre-covid-oil-demand-seen-returning-soon-2021-09-14/,https://www.reuters.com/resizer/2MnMcqMncbf_y9pZ9ZT0TZgmpCg=/1200x628/smart/filters:quality(80)/cloudfront-us-east-2.images.arcpublishing.com/reuters/4HT6O6IHVZKTLNW3CHN7BNWMBU.jpg,2021-09-14T13:13:00Z,"Oil storage containers are seen, amid the coronavirus disease (COVID-19) pandemic, in Los Angeles, California, U.S., April 7, 2021. REUTERS/Lucy NicholsonLONDON, Sept 14 (Reuters) - World oil demand … [+1885 chars]"
85,"{'id': 'the-wall-street-journal', 'name': 'The Wall Street Journal'}",David Hodari,Electric-Car Shift Drains Fuel Taxes in Some Countries...,Officials in places like Norway and the U.K. are rethinking EV incentives and studying road-pricing systems,https://www.wsj.com/articles/electric-car-shift-drains-fuel-taxes-in-some-countries-11632407063,https://images.wsj.net/im-405655/social,2021-09-23T14:52:39Z,"Governments around the world have long encouraged motorists to buy electric cars. Now they are starting to grapple with a consequence of the green drive: dwindling income from fuel taxes.
Several co… [+333 chars]"
86,"{'id': None, 'name': 'NPR'}",Alexandra Gillespie,Your Next Car May Be Built With Ocean Rocks. Scientists Can't Agree If That's Good,"Deep sea mining could provide minerals essential for making electric vehicles. But regulations are incomplete, and questions persist about the impact on the ocean's ability to store carbon dioxide.",https://www.npr.org/2021/09/03/1031434711/your-next-car-may-be-built-with-ocean-rocks-scientists-cant-agree-if-thats-good,https://media.npr.org/assets/img/2021/08/26/expn610182238_wide-2a744795ce64eaa1da3a0bd704de1927bca82c15.jpg?s=1400,2021-09-03T10:00:54Z,"Polymetallic nodules coat fields of the ocean floor and are rich in critical minerals needed to make batteries for electric vehicles.
NOAA Office of Ocean Exploration and Research
Sprawling fields … [+13052 chars]"
87,"{'id': None, 'name': 'HYPEBEAST'}","info@hypebeast.com (HYPEBEAST), HYPEBEAST",Toyota CEO Warns Full Transition to Electric Vehicles Could Leave Millions of Japanese Workers Out of Jobs,Toyota's CEO Akio Toyoda is concerned that the radical transition to electric vehicles for the company will cost millions of Japanese workers to lose their jobs in automotive.Toyoda's qualm with the Japanese government's pursuit towards carbon neutrality is t…,https://hypebeast.com/2021/9/toyota-electric-vehicles-transition-loss-in-jobs-japan,https://image-cdn.hypb.st/https%3A%2F%2Fhypebeast.com%2Fimage%2F2021%2F09%2Ftoyota-electric-vehicles-transition-loss-in-jobs-japan-tw.jpg?w=960&cbr=1&q=90&fit=max,2021-09-23T08:00:28Z,"Toyota‘s CEO Akio Toyoda is concerned that the radical transition to electric vehicles for the company will cost millions of Japanese workers to lose their jobs in automotive.
Toyoda’s qualm with th… [+1655 chars]"
88,"{'id': None, 'name': 'MarketWatch'}",Rachel Koning Beals,: Diageo will use wind and solar to make Bulleit bourbon at first carbon-neutral facility in North America,"Global spirits giant Diageo PLC, which owns the brands Guinness, Hennessy and more, has opened its first carbon-neutral distillery in North America for a portion of its Bulleit bourbon operations.",https://www.marketwatch.com/story/diageo-will-use-wind-and-solar-to-make-bulleit-bourbon-at-first-carbon-neutral-facility-in-north-america-11632847846,https://images.mktw.net/im-408064/social,2021-09-28T16:50:00Z,"Global spirits giant Diageo PLC, which owns the brands Guinness, Hennessy and more, has opened its first carbon-neutral distillery in North America.The 72,000-square-foot, Lebanon, Ky., facility will… [+4954 chars]"
89,"{'id': None, 'name': 'Slashdot.org'}",BeauHD,Old Coal Plant Is Now Mining Bitcoin For a Utility Company,"An anonymous reader quotes a report from Ars Technica: Bitcoin's massive power consumption is the cryptocurrency's dirty secret. To mine bitcoin, computers across the globe chew through enough electricity to power a medium size country, somewhere on the order…",https://news.slashdot.org/story/21/09/24/2157247/old-coal-plant-is-now-mining-bitcoin-for-a-utility-company,https://a.fsdn.com/sd/topics/bitcoin_64.png,2021-09-25T03:30:00Z,"Bitcoin's massive power consumption is the cryptocurrency's dirty secret. To mine bitcoin, computers across the globe chew through enough electricity to power a medium size country, somewhere on the … [+2844 chars]"
90,"{'id': 'business-insider', 'name': 'Business Insider'}",insider@insider.com (Sponsor Post),Here's how retailers gain an edge in the critical 'last mile' of delivery,"Last-mile delivery has seen huge changes, led by consumer demand. New technology is helping retailers to get ahead of the competition.",https://www.businessinsider.com/sc/last-mile-delivery-technology-retail-2021-8,https://i.insider.com/612641acde5f560019e8a1c0?width=1200&format=jpeg,2021-08-31T14:50:29Z,"The ""last mile"" of the supply chain has become a complicated, time-consuming, and costly consideration for most retailers. What started as moving goods from production plants to warehouses, distribut… [+5637 chars]"
91,"{'id': None, 'name': 'CNET'}",Roadshow staff,Every electric vehicle on sale for 2021 and its range - Roadshow,"We rounded up every EV on sale now with its official EPA-estimated range. From Rivian, to Tesla and more, dive in.",https://www.cnet.com/roadshow/news/electric-car-ev-range-rivian-tesla-audi/,https://www.cnet.com/a/img/AV5AsDvw6PL-s5FsFApZca5m97c=/1200x630/2021/09/14/22347363-1b05-4e94-b2df-18b0c2680109/ogi-rivian.jpg,2021-09-20T16:44:00Z,"Our list of electric cars and their range grows again. This time, we have Environmental Protection Agency estimates for the Rivian R1T, as the startup built its first production truck. There's way mo… [+16017 chars]"
92,"{'id': None, 'name': 'Springwise.com'}",Lisa Magloff,The world’s first-fossil-fuel-free steel,"A partnership between a steel producer and a mining company has resulted in a new method for manufacturing steel without the use of CO2-producing coal
The post The world’s first-fossil-fuel-free steel appeared first on Springwise.",https://www.springwise.com/innovation/manufacturing/electric-oven-steel-carbon-emissions,https://www.springwise.com/wp-content/uploads/2021/09/innovationmanufacturingelectric-oven-steel-carbon-emissions.png,2021-09-15T05:00:00Z,"Spotted: Steel is everywhere, but it is also a huge polluter. Steel production accounts for around 8 per cent of global CO2 emissions. This means that all the electric vehicles and green buildings wh… [+2179 chars]"
93,"{'id': None, 'name': 'Quartz India'}","Michael J. Coren, Tim McDonnell",Why some US electric utilities are experimenting with flat-rate pricing,A flat monthly rate makes life easier for customers and could help utilities reduce their carbon footprint.,https://qz.com/2057447/utilities-are-offering-netflix-pricing-for-electricity-bills/,https://cms.qz.com/wp-content/uploads/2021/09/4081596290_5ccb708d7d_b-e1631602871345.jpeg?quality=75&strip=all&w=1200&h=630&crop=1,2021-09-14T07:41:12Z,"Cell phones. Data plans. Movie and music streaming. Home energy bill?
The subscription craze has finally reached electric utilities in the US. At least three companies are testing a new billing mode… [+5574 chars]"
94,"{'id': None, 'name': 'Castanet.net'}",,Several new items will be soon eligible for recycling in BC - BC News - Castanet.net,"<ol><li>Several new items will be soon eligible for recycling in BC - BC News  Castanet.net
</li><li>Mattresses, e-cigarettes, solar panels will no longer go to the dump in BC – Maple Ridge News  Maple Ridge News
</li><li>View Full coverage on Google News</…",https://www.castanet.net/news/BC/345427/Several-new-items-will-be-soon-eligible-for-recycling-in-BC,https://www.castanet.net/content/2021/9/shutterstock_353702579_p286378_p3551265.jpg,2021-09-12T15:00:00Z,"A new list of products will be eligible for provincewide recycling as part of a five-year plan to advance recycling in British Columbia.
Electric-vehicle batteries, mattresses, single-use fuel canis… [+2078 chars]"
95,"{'id': None, 'name': 'The Guardian'}",Robin McKie,Is deep-sea mining a cure for the climate crisis or a curse?,"Trillions of metallic nodules on the sea floor could help stop global heating, but mining them may damage ocean ecologyIn a display cabinet in the recently opened Our Broken Planet exhibition in London’s Natural History Museum, curators have placed a small nu…",https://amp.theguardian.com/world/2021/aug/29/is-deep-sea-mining-a-cure-for-the-climate-crisis-or-a-curse,https://i.guim.co.uk/img/media/d558e979fdcbc3d18c621e483d05fe0a8d4cea70/71_151_1779_1067/master/1779.jpg?width=1200&height=630&quality=85&auto=format&fit=crop&overlay-align=bottom%2Cleft&overlay-width=100p&overlay-base64=L2ltZy9zdGF0aWMvb3ZlcmxheXMvdG8tZGVmYXVsdC5wbmc&enable=upscale&s=d7d9c48a847416780b781d31f180fa68,2021-08-29T09:00:02Z,"In a display cabinet in the recently opened Our Broken Planet exhibition in Londons Natural History Museum, curators have placed a small nugget of dark material covered with faint indentations. The b… [+15961 chars]"
96,"{'id': None, 'name': 'Zacks.com'}",Rimmi Singhi,"Auto Stock Roundup: AAP & XPEV's Q2 Results, F's Output Cut & More","While Advance Auto Parts (AAP) and XPeng (XPEV) deliver improved year-over-year results for Q2, Ford (F) is yet again forced to slash production of F-...",http://www.zacks.com/stock/news/1788631/auto-stock-roundup-aap-xpev-s-q2-results-f-s-output-cut-more?cid=CS-ENTREPRENEUR-FT-analyst_blog|stock_roundup-1788631,https://assets.entrepreneur.com/providers/zacks/hero-image-zacks-382430.jpeg,2021-08-30T14:42:00Z,"August
30, 2021
5 min read
This story originally appeared on ZacksLast week, the Recreational Vehicle (RV) Industry Association came up with the shipments data for July. Markedly, the RV industry … [+6052 chars]"
97,"{'id': 'reuters', 'name': 'Reuters'}",Timothy Gardner,"Illinois Senate passes bill to save nuclear plants, sends to House - Reuters","The Illinois Senate passed a bill early on Wednesday that aims to prevent two nuclear power plants from shutting this autumn, sending the legislation to the House where it was uncertain if the chamber would bring the legislation to a vote.",https://www.reuters.com/legal/litigation/illinois-senate-passes-bill-save-nuclear-plants-sends-house-2021-09-01/,https://www.reuters.com/resizer/7qewHJWnpV192_66cUNVi5JiKyE=/1200x628/smart/filters:quality(80)/cloudfront-us-east-2.images.arcpublishing.com/reuters/V7B2ZYLVI5IKDE5NGNW4CZGCKM.jpg,2021-09-01T21:28:00Z,"The company and law firm names shown above are generated automatically based on the text of the article. We are improving this feature as we continue to test and develop in beta. We welcome feedback,… [+3164 chars]"
98,"{'id': 'reuters', 'name': 'Reuters'}",Timothy Gardner,"Illinois Senate passes bill to save nuclear plants, sends to House - Reuters.com","The Illinois Senate passed a bill early on Wednesday that aims to prevent two nuclear power plants from shutting this autumn, sending the legislation to the House where it was uncertain if the chamber would bring the legislation to a vote. The Senate voted 39…",https://www.reuters.com/article/us-usa-nuclearpower-illinois-idUSKBN2FX4DK,https://s1.reutersmedia.net/resources_v2/images/rcom-default.png?w=800,2021-09-01T21:29:00Z,"(Reuters) - The Illinois Senate passed a bill early on Wednesday that aims to prevent two nuclear power plants from shutting this autumn, sending the legislation to the House where it was uncertain i… [+2787 chars]"
99,"{'id': 'reuters', 'name': 'Reuters'}",Timothy Gardner,"UPDATE 1-Illinois Senate passes bill to save nuclear plants, sends to House - Reuters","The Illinois Senate passed a bill early on Wednesday that aims to prevent two nuclear power plants from shutting this autumn, sending the legislation to the House where it was uncertain if the chamber would bring the legislation to a vote.",https://www.reuters.com/article/usa-nuclearpower-illinois-idUSL1N2Q32K3,https://s1.reutersmedia.net/resources_v2/images/rcom-default.png?w=800,2021-09-01T20:44:00Z,"(Adds Exelon comment)
Sept 1 (Reuters) - The Illinois Senate passed a bill early on Wednesday that aims to prevent two nuclear power plants from shutting this autumn, sending the legislation to the … [+2894 chars]"
