"","metadata.total_results","metadata.status_code","metadata.request_date","metadata.request_url","metadata.code","metadata.message","metadata.page","metadata.page_size","results_df.author","results_df.title","results_df.description","results_df.url","results_df.url_to_image","results_df.published_at","results_df.content","results_df.id","results_df.name"
"1",520,200,2021-09-16 14:57:57,"https://newsapi.org/v2/everything?q=Electric%20Vehicles%20AND%20sustainability&language=en&sortBy=relevancy&pageSize=50&page=1","","",1,50,"Rebecca Bellan","Hyundai Motor Group unveils its hydrogen strategy, plans to offer fuel cell versions of commercial cars by 2028","Hyundai Motor Group is backing hydrogen as a top energy solution for sustainability. With its new fuel cell system that it plans to launch in the next few years, the South Korean automaker said it will provide hydrogen fuel cell versions for all its commercia…","http://techcrunch.com/2021/09/07/hyundai-motor-group-unveils-its-hydrogen-strategy-plans-to-offer-fuel-cell-versions-of-commercial-cars-by-2028/","https://techcrunch.com/wp-content/uploads/2021/09/Screen-Shot-2021-09-07-at-6.13.04-pm.png?w=706",2021-09-07 07:03:22,"Hyundai Motor Group is backing hydrogen as a top energy solution for sustainability. With its new fuel cell system that it plans to launch in the next few years, the South Korean automaker said it wi… [+4247 chars]","techcrunch","TechCrunch"
"2",520,200,2021-09-16 14:57:57,"https://newsapi.org/v2/everything?q=Electric%20Vehicles%20AND%20sustainability&language=en&sortBy=relevancy&pageSize=50&page=1","","",1,50,"Reuters","BMW to reduce carbon emissions in car life cycle 40% by 2030 - Reuters","BMW <a href=""https://www.reuters.com/companies/BMWG.DE"" target=""_blank"">(BMWG.DE)</a> plans to reduce carbon emissions across the life cycle of its vehicles - including the production process - at least 40% from 2019 levels by 2030, the carmaker said on Thurs…","https://www.reuters.com/business/sustainable-business/bmw-reduce-carbon-emissions-car-life-cycle-40-by-2030-2021-09-02/","https://www.reuters.com/resizer/5wCXqdPWqkrXKBxOJiG4fbC_UA8=/1200x628/smart/filters:quality(80)/cloudfront-us-east-2.images.arcpublishing.com/reuters/ZTLNZFMUW5JL3BYYG7GAO7RHDI.jpg",2021-09-02 08:20:00,"A logo of German luxury carmaker BMW, is seen ahead of the company's annual news conference in Munich, Germany, March 20, 2019. REUTERS/Michael Dalder/File PhotoBERLIN, Sept 2 (Reuters) - BMW (BMWG.D… [+1480 chars]","reuters","Reuters"
"3",520,200,2021-09-16 14:57:57,"https://newsapi.org/v2/everything?q=Electric%20Vehicles%20AND%20sustainability&language=en&sortBy=relevancy&pageSize=50&page=1","","",1,50,"Brian Condenanza","6 Ways Going Green Can Make You More Profitable","Sustainability and profitability are not mutually exclusive.","https://www.entrepreneur.com/article/378302","https://assets.entrepreneur.com/content/3x2/2000/1629823654-shutterstock-407681389.jpg",2021-08-28 16:40:00,"August
28, 2021
4 min read
Opinions expressed by Entrepreneur contributors are their own.
With rising concern about the scarcity of non-renewable resources and their impact on the environment, ma… [+4162 chars]",NA,"Entrepreneur"
"4",520,200,2021-09-16 14:57:57,"https://newsapi.org/v2/everything?q=Electric%20Vehicles%20AND%20sustainability&language=en&sortBy=relevancy&pageSize=50&page=1","","",1,50,"Miles Brignall","Why is this clean hybrid car taxed at almost the same rate as a Ferrari?","A retired bishop faces a bigger tax bill after swapping his old diesel VW for an environmentally friendly vehicleA retired bishop who replaced a polluting diesel car with a much greener plug-in hybrid model has described the government’s environmental policie…","https://amp.theguardian.com/money/2021/sep/11/why-is-this-clean-hybrid-car-taxed-at-almost-the-same-rate-as-a-ferrari","https://i.guim.co.uk/img/media/557d3f549ddf9f7dff6cc79cd06e259334ccfb81/0_429_4032_2419/master/4032.jpg?width=1200&height=630&quality=85&auto=format&fit=crop&overlay-align=bottom%2Cleft&overlay-width=100p&overlay-base64=L2ltZy9zdGF0aWMvb3ZlcmxheXMvdGctZGVmYXVsdC5wbmc&enable=upscale&s=e7999ebb8dfc1e057551709d044c11ad",2021-09-11 08:00:18,"A retired bishop who replaced a polluting diesel car with a much greener plug-in hybrid model has described the governments environmental policies as completely mad after his road tax rose from zero … [+3567 chars]",NA,"The Guardian"
"5",520,200,2021-09-16 14:57:57,"https://newsapi.org/v2/everything?q=Electric%20Vehicles%20AND%20sustainability&language=en&sortBy=relevancy&pageSize=50&page=1","","",1,50,"Emily Rella","CEO and Chairman Adrian Hallmark Wants Bentley Motors to Be the Most Sustainable Luxury Automotive Manufacturer In the World. He's Well on His Way.","Entrepreneur sat down with Bentley Motors Global CEO and Chairman Adrian Hallmark and CEO of the Americas Christophe Georges to discuss the future of the luxury automotive company.","https://www.entrepreneur.com/article/381938","https://assets.entrepreneur.com/content/3x2/2000/1630011812-AdrianHallmark-CourtesyofBentley2-crop.jpg",2021-08-26 21:05:51,"August
26, 2021
10 min read
Bentley Motors has always epitomized luxury. That’s an undeniable fact that’s been well-established by the company’s reputation over the last century.
“People still lo… [+10508 chars]",NA,"Entrepreneur"
"6",520,200,2021-09-16 14:57:57,"https://newsapi.org/v2/everything?q=Electric%20Vehicles%20AND%20sustainability&language=en&sortBy=relevancy&pageSize=50&page=1","","",1,50,"Lewin Day","The World’s First Autonomous Electric Cargo Ship Is Due to Set Sail","Maritime shipping is big business, with gigantic container ships responsible for moving the vast majority of the world’s goods from point A to points B, C and D. Of course, there’s a si…","http://hackaday.com/2021/09/14/the-worlds-first-autonomous-electric-cargo-ship-is-due-to-set-sail/","https://hackaday.com/wp-content/uploads/2021/09/electricship_feat.jpg",2021-09-14 17:00:21,"Maritime shipping is big business, with gigantic container ships responsible for moving the vast majority of the world’s goods from point A to points B, C and D. Of course, there’s a significant envi… [+6098 chars]",NA,"Hackaday"
"7",520,200,2021-09-16 14:57:57,"https://newsapi.org/v2/everything?q=Electric%20Vehicles%20AND%20sustainability&language=en&sortBy=relevancy&pageSize=50&page=1","","",1,50,"Letters","The building blocks needed to prevent climate catastrophe | Letters","Readers respond to George Monbiot’s article on the impact of infrastructure projects on the environmentAs ever, George Monbiot hits the nail on the head with his article emphasising the need to reduce building, especially roads that just exacerbate climate de…","https://amp.theguardian.com/science/2021/sep/08/the-building-blocks-needed-to-prevent-climate-catastrophe","https://i.guim.co.uk/img/media/6d8a19193748843fbb0b755a6fa718e9a0587bf1/0_123_2464_1478/master/2464.jpg?width=1200&height=630&quality=85&auto=format&fit=crop&overlay-align=bottom%2Cleft&overlay-width=100p&overlay-base64=L2ltZy9zdGF0aWMvb3ZlcmxheXMvdGctZGVmYXVsdC5wbmc&enable=upscale&s=c6ffc4b8fe9cd7021288e96533bccfbe",2021-09-08 17:27:30,"As ever, George Monbiot hits the nail on the head with his article emphasising the need to reduce building, especially roads that just exacerbate climate degradation (We cant build our way out of the… [+3277 chars]",NA,"The Guardian"
"8",520,200,2021-09-16 14:57:57,"https://newsapi.org/v2/everything?q=Electric%20Vehicles%20AND%20sustainability&language=en&sortBy=relevancy&pageSize=50&page=1","","",1,50,"Davide Castelvecchi","Electric cars and batteries: how will the world produce enough?","Reducing the use of scarce metals — and recycling them — will be key to the world’s transition to electric vehicles.","https://www.nature.com/articles/d41586-021-02222-1?utm_source=feedburner&utm_medium=feed&utm_campaign=Feed%3A+nature%2Frss%2Fcurrent+%28Nature+-+Issue%29","https://media.nature.com/lw1024/magazine-assets/d41586-021-02222-1/d41586-021-02222-1_19561192.jpg",2021-08-17 00:00:00,"The age of the electric car is upon us. Earlier this year, the US automobile giant General Motors announced that it aims to stop selling petrol-powered and diesel models by 2035. Audi, based in Germa… [+18358 chars]",NA,"Nature.com"
"9",520,200,2021-09-16 14:57:57,"https://newsapi.org/v2/everything?q=Electric%20Vehicles%20AND%20sustainability&language=en&sortBy=relevancy&pageSize=50&page=1","","",1,50,"Davide Castelvecchi","Electric cars and batteries: how will the world produce enough?","Reducing the use of scarce metals — and recycling them — will be key to the world’s transition to electric vehicles.","https://www.nature.com/articles/d41586-021-02222-1","https://media.nature.com/lw1024/magazine-assets/d41586-021-02222-1/d41586-021-02222-1_19561192.jpg",2021-08-17 00:00:00,"The age of the electric car is upon us. Earlier this year, the US automobile giant General Motors announced that it aims to stop selling petrol-powered and diesel models by 2035. Audi, based in Germa… [+18358 chars]",NA,"Nature.com"
"10",520,200,2021-09-16 14:57:57,"https://newsapi.org/v2/everything?q=Electric%20Vehicles%20AND%20sustainability&language=en&sortBy=relevancy&pageSize=50&page=1","","",1,50,"Bridie Schmidt","Tesla is planning a “super long range” Model Y","Tesla is planning a ""super long-range"" Model Y according to documents filed with Chinese authorities.","https://thedriven.io/2021/08/19/tesla-is-planning-a-super-long-range-model-y-electric-crossover/","https://thedriven.io/wp-content/uploads/2020/11/ModelY-MAIN_i.jpg",2021-08-22 15:20:31,"Tesla is planning a “super long-range” version of its Model Y electric crossover, according to documents filed with Chinese authorities.
The new variant, which has been registered in the new filings… [+2284 chars]",NA,"The Driven"
"11",520,200,2021-09-16 14:57:57,"https://newsapi.org/v2/everything?q=Electric%20Vehicles%20AND%20sustainability&language=en&sortBy=relevancy&pageSize=50&page=1","","",1,50,"Jonathon Ramsey","BMW i Vision Circular is a 100% recycled and recyclable hatch","Filed under:
 Green,BMW,Hatchback,Concept Cars,Electric,Future,Luxury,Munich Auto Show
 Continue reading BMW i Vision Circular is a 100% recycled and recyclable hatch
BMW i Vision Circular is a 100% recycled and recyclable hatch originally appeared on Autoblo…","https://www.autoblog.com/2021/09/06/bmw-i-vision-circular-recycled-car/","https://o.aolcdn.com/images/dims3/GLOB/crop/2299x1293+0+661/resize/800x450!/format/jpg/quality/85/https://s.aolcdn.com/os/ab/_cms/2021/09/06064356/bmw_i_vision_circular_concept_001.jpg",2021-09-06 14:29:00,"A few weeks ago, Mini went to work with fashion designer Paul Smith on the Mini STRIP, called ""sustainable design with a twist"" with pared back components fashioned from renewable, sustainable materi… [+3739 chars]",NA,"Autoblog"
"12",520,200,2021-09-16 14:57:57,"https://newsapi.org/v2/everything?q=Electric%20Vehicles%20AND%20sustainability&language=en&sortBy=relevancy&pageSize=50&page=1","","",1,50,"Alexandra Gillespie","Your Next Car May Be Built With Ocean Rocks. Scientists Can't Agree If That's Good","Deep sea mining could provide minerals essential for making electric vehicles. But regulations are incomplete, and questions persist about the impact on the ocean's ability to store carbon dioxide.","https://www.npr.org/2021/09/03/1031434711/your-next-car-may-be-built-with-ocean-rocks-scientists-cant-agree-if-thats-good","https://media.npr.org/assets/img/2021/08/26/expn610182238_wide-2a744795ce64eaa1da3a0bd704de1927bca82c15.jpg?s=1400",2021-09-03 10:00:54,"Polymetallic nodules coat fields of the ocean floor and are rich in critical minerals needed to make batteries for electric vehicles.
NOAA Office of Ocean Exploration and Research
Sprawling fields … [+13052 chars]",NA,"NPR"
"13",520,200,2021-09-16 14:57:57,"https://newsapi.org/v2/everything?q=Electric%20Vehicles%20AND%20sustainability&language=en&sortBy=relevancy&pageSize=50&page=1","","",1,50,"Amelia Hill","UK government ‘failing to help local leaders achieve net zero’","Mayors such as Newham’s Rokhsana Fiaz say they do not have the investment or powers they need<ul><li>Retrofitting: why carbon-reducing renovations are going to be big business</li></ul>The government is failing to provide local leaders with the investment and…","https://amp.theguardian.com/environment/2021/aug/18/uk-government-failing-to-help-local-leaders-achieve-net-zero","https://i.guim.co.uk/img/media/f3eb5a670aa7ab3da208d88f0863b7ca661c151c/0_230_3456_2074/master/3456.jpg?width=1200&height=630&quality=85&auto=format&fit=crop&overlay-align=bottom%2Cleft&overlay-width=100p&overlay-base64=L2ltZy9zdGF0aWMvb3ZlcmxheXMvdGctZGVmYXVsdC5wbmc&enable=upscale&s=f77a3c561fe83ddf1e94b78cf75667ad",2021-08-18 11:30:08,"The government is failing to provide local leaders with the investment and resources they need to achieve net zero, according to the mayor of Newham.
Rokhsana Fiaz, the first woman to become a direc… [+6442 chars]",NA,"The Guardian"
"14",520,200,2021-09-16 14:57:57,"https://newsapi.org/v2/everything?q=Electric%20Vehicles%20AND%20sustainability&language=en&sortBy=relevancy&pageSize=50&page=1","","",1,50,"Emily Rella","I Drove a $2 Million Bentley That's One of Only 12 In the World and Lived to Tell the Tale","The Bentley Mulliner Bacalar is the rarest two-door Bentley in the world.","https://www.entrepreneur.com/article/381957","https://assets.entrepreneur.com/content/3x2/2000/1630012197-Screen-Shot-2021-08-26-at-50816-PM-2000x13331.png",2021-08-26 21:10:13,"August
26, 2021
5 min read
Anyone who’s ever driven a car can probably relate to the feeling of pure terror mixed with excitement that comes from pressing your foot on the gas pedal for the first … [+4672 chars]",NA,"Entrepreneur"
"15",520,200,2021-09-16 14:57:57,"https://newsapi.org/v2/everything?q=Electric%20Vehicles%20AND%20sustainability&language=en&sortBy=relevancy&pageSize=50&page=1","","",1,50,"info@hypebeast.com (HYPEBEAST), HYPEBEAST","Porsche Reveals Details of Its Future-Driven, All-Electric Mission R Concept Study","Porsche has officially presented its Mission R concept car. The all-electric competition car combines the German automaker's state-of-the-art technology with sustainable materials to create a newly developed line of electric motors.Similar in size to the Pors…","https://hypebeast.com/2021/9/porsche-electric-mission-r-concept-study-details","https://image-cdn.hypb.st/https%3A%2F%2Fhypebeast.com%2Fimage%2F2021%2F09%2Fporsche-electric-mission-r-concept-study-details-tw.jpg?w=960&cbr=1&q=90&fit=max",2021-09-07 09:56:59,"Porsche has officially presented its Mission R concept car. The all-electric competition car combines the German automaker’s state-of-the-art technology with sustainable materials to create a newly d… [+1801 chars]",NA,"HYPEBEAST"
"16",520,200,2021-09-16 14:57:57,"https://newsapi.org/v2/everything?q=Electric%20Vehicles%20AND%20sustainability&language=en&sortBy=relevancy&pageSize=50&page=1","","",1,50,"Craig Miller","Next Avenue: Worried about the climate? Should you go green with your investments? Here’s a primer","The one-time cottage industry of sustainable investing is now a force to be reckoned with—how can individual investors take advantage of this?","https://www.marketwatch.com/story/worried-about-the-climate-should-you-go-green-with-your-investments-heres-a-primer-11628878324","https://images.mktw.net/im-385336/social",2021-08-20 09:00:00,"A few years ago, Lee Hilliard and his wife Linda, of Manchester, Conn., were torn over what to do with their investment portfolio. The 72-year-old retired media consultant and his wife, whos 64, had … [+7979 chars]",NA,"MarketWatch"
"17",520,200,2021-09-16 14:57:57,"https://newsapi.org/v2/everything?q=Electric%20Vehicles%20AND%20sustainability&language=en&sortBy=relevancy&pageSize=50&page=1","","",1,50,"Sarwant Singh, Contributor, 
 Sarwant Singh, Contributor
 https://www.forbes.com/sites/sarwantsingh/","Can The Electric Vehicle Industry Champion Sustainability, Inclusivity And Governance Agendas?","Is there a business case for electric vehicle companies taking the lead in embedding sustainability, inclusivity and governance objectives into their vision and practices?","https://www.forbes.com/sites/sarwantsingh/2021/09/14/can-the-electric-vehicle-industry-champion-sustainability-inclusivity-and-governance-agendas/","https://thumbor.forbes.com/thumbor/fit-in/1200x0/filters%3Aformat%28jpg%29/https%3A%2F%2Fspecials-images.forbesimg.com%2Fimageserve%2F614020cb8f4677907cdeeb20%2F0x0.jpg",2021-09-14 04:17:17,"If anything, John Elkingtons now immortalized sustainability framework of People, Planet, Profits has become increasingly central to corporate strategies. To my thinking, successfully integrating env… [+7970 chars]",NA,"Forbes"
"18",520,200,2021-09-16 14:57:57,"https://newsapi.org/v2/everything?q=Electric%20Vehicles%20AND%20sustainability&language=en&sortBy=relevancy&pageSize=50&page=1","","",1,50,"Katrina Lane","Partnership to test magnetizable road concrete for electricity charging","The new development will explore embedding recycled ferrite particles into concrete as a more economical option for electricity charging on the road
The post Partnership to test magnetizable road concrete for electricity charging appeared first on Springwise.","https://www.springwise.com/innovation/mobility-transport/magnetizable-concrete-charges-electric-cars%20","https://www.springwise.com/wp-content/uploads/2021/09/innovationmobility-transportmagnetizable-concrete-charges-electric-cars-.png",2021-09-10 05:00:51,"A major impediment to the adoption of electric vehicles is the fear of running out of power before arriving at the destination or next recharging station. Given that electric battery technology still… [+1743 chars]",NA,"Springwise.com"
"19",520,200,2021-09-16 14:57:57,"https://newsapi.org/v2/everything?q=Electric%20Vehicles%20AND%20sustainability&language=en&sortBy=relevancy&pageSize=50&page=1","","",1,50,"Shane McGlaun","Volkswagen teases its future entry-level electric vehicle","Volkswagen is teasing its future ID. LIFE electric vehicles with a teaser looking at its entry-level electric vehicle aiming at a price tag of about €20,000. The vehicle is the ID. LIFE concept car designed with sustainability and digitalization in mind. VW s…","https://www.slashgear.com/volkswagen-teases-its-future-entry-level-electric-vehicle-06689753/","https://cdn.slashgear.com/wp-content/uploads/2021/09/vw-id-life-store.jpg",2021-09-06 11:28:53,"Volkswagen is teasing its future ID. LIFE electric vehicles with a teaser looking at its entry-level electric vehicle aiming at a price tag of about 20,000. The vehicle is the ID. LIFE concept car de… [+3486 chars]",NA,"SlashGear"
"20",520,200,2021-09-16 14:57:57,"https://newsapi.org/v2/everything?q=Electric%20Vehicles%20AND%20sustainability&language=en&sortBy=relevancy&pageSize=50&page=1","","",1,50,"Catherine Shu","Gogoro will go public on Nasdaq after $2.35B SPAC deal","Gogoro is going public.  The company, which is best known for its electric Smartscooters and swappable battery infrastructure, announced today it will list...","https://techcrunch.com/2021/09/16/gogoro-will-go-public-on-nasdaq-after-2-35b-spac-deal/","https://s.yimg.com/ny/api/res/1.2/.iViaYrXPsIRNfaKTmc5Zw--/YXBwaWQ9aGlnaGxhbmRlcjt3PTEyMDA7aD02NzM-/https://s.yimg.com/uu/api/res/1.2/bYVYBW_Fqi14UkYy.TXfjA--~B/aD03MTg7dz0xMjgwO2FwcGlkPXl0YWNoeW9u/https://media.zenfs.com/en/techcrunch_350/12689ba3568874b404bec1362c529edb",2021-09-16 08:55:50,"Gogoro is going public. The company, which is best known for its electric Smartscooters and swappable battery infrastructure, announced today it will list on Nasdaq through a merger with Poema Global… [+4268 chars]","techcrunch","TechCrunch"
"21",520,200,2021-09-16 14:57:57,"https://newsapi.org/v2/everything?q=Electric%20Vehicles%20AND%20sustainability&language=en&sortBy=relevancy&pageSize=50&page=1","","",1,50,"James Morris, Contributor, 
 James Morris, Contributor
 https://www.forbes.com/sites/jamesmorris/","BMW Still Hedging Bets With Electric Cars, Despite Renewed Focus","BMW is back with electrification, but the company is still keeping its options open, seeing a sustainable lifecycle as more important for differentiating its vehicles than going EV.","https://www.forbes.com/sites/jamesmorris/2021/09/11/bmw-still-hedging-bets-with-electric-cars-despite-renewed-focus/","https://thumbor.forbes.com/thumbor/fit-in/1200x0/filters%3Aformat%28jpg%29/https%3A%2F%2Fspecials-images.forbesimg.com%2Fimageserve%2F613b47b26067cc10e258f531%2F0x0.jpg%3FcropX1%3D0%26cropX2%3D1590%26cropY1%3D342%26cropY2%3D1237",2021-09-11 09:00:00,"The BMW i3 was one of the pioneering vehicles of electrification. Despite having been on the market since 2013, it still holds up surprisingly well thanks to regular battery capacity upgrades along t… [+4774 chars]",NA,"Forbes"
"22",520,200,2021-09-16 14:57:57,"https://newsapi.org/v2/everything?q=Electric%20Vehicles%20AND%20sustainability&language=en&sortBy=relevancy&pageSize=50&page=1","","",1,50,"Jim McGregor, Contributor, 
 Jim McGregor, Contributor
 https://www.forbes.com/sites/tiriasresearch/people/jimmcgregor/","IAA Mobility Focuses On Sustainability & The Future Of Transportation","The key theme of the 2021 show is sustainability from both the manufacturing standpoint and the energy/carbon-saving use of electrified solutions.","https://www.forbes.com/sites/tiriasresearch/2021/09/08/iaa-mobility-focuses-on-sustainability--the-future-of-transportation/","https://thumbor.forbes.com/thumbor/fit-in/1200x0/filters%3Aformat%28jpg%29/https%3A%2F%2Fspecials-images.forbesimg.com%2Fimageserve%2F61388f2e7b08c42843b7a474%2F0x0.jpg",2021-09-08 16:28:22,"IAA Mobility 2021 in Munich Germany
Tirias Research
The IAA Mobility Conference in Munich, Germany, is a glimpse into the future of personal transportation. Its an event that brings out the latest … [+12527 chars]",NA,"Forbes"
"23",520,200,2021-09-16 14:57:57,"https://newsapi.org/v2/everything?q=Electric%20Vehicles%20AND%20sustainability&language=en&sortBy=relevancy&pageSize=50&page=1","","",1,50,"Cate Lawrence","Everything you’ve wanted to know about hyperloop technology","You might have heard people talking about hyperloop technology. Most likely, they’re wondering why they are still talking about it and when/if it will arrive. It’s a big topic, but we’ve got you covered with an easy-to-understand explanation of all you need t…","https://thenextweb.com/news/find-out-the-benefits-and-challenges-of-hyperloop-technology","https://img-cdn.tnwcdn.com/image/tnw?filter_last=1&fit=1280%2C640&url=https%3A%2F%2Fcdn0.tnwcdn.com%2Fwp-content%2Fblogs.dir%2F1%2Ffiles%2F2021%2F08%2Fsimulation-of-hyperloop-station.jpeg&signature=958f583b82b94d93be14c82e89b23ea9",2021-09-01 08:19:36,"You might have heard people talking about hyperloop technology. Most likely, theyre wondering why they are still talking about it and when/if it will arrive.
Its a big topic, but weve got you covere… [+9243 chars]","the-next-web","The Next Web"
"24",520,200,2021-09-16 14:57:57,"https://newsapi.org/v2/everything?q=Electric%20Vehicles%20AND%20sustainability&language=en&sortBy=relevancy&pageSize=50&page=1","","",1,50,"Avni Shah","Fundamental mechanics help increase battery storage capacity and lifespan","Batteries are widely used in everyday applications like powering electric vehicles, electronic gadgets and are promising candidates for sustainable energy storage. However, as you've likely noticed with daily charging of batteries, their functionality drops o…","https://phys.org/news/2021-08-fundamental-mechanics-battery-storage-capacity.html","https://scx2.b-cdn.net/gfx/news/2021/researchers-apply-fund.jpg",2021-08-30 12:52:38,"Batteries are widely used in everyday applications like powering electric vehicles, electronic gadgets and are promising candidates for sustainable energy storage. However, as you've likely noticed w… [+5798 chars]",NA,"Phys.Org"
"25",520,200,2021-09-16 14:57:57,"https://newsapi.org/v2/everything?q=Electric%20Vehicles%20AND%20sustainability&language=en&sortBy=relevancy&pageSize=50&page=1","","",1,50,"Neha Mistry","Meet BMW and BMW Motorrad’s Vision AMBY models and their thoughtful design process","Meet BMW and BMW Motorrad’s Vision AMBY models and their thoughtful design processBMW is on a path to redefine our vision of what automotive design looks like with their BMW Group keynote 2021. Focusing on their two-wheeler concepts...","https://www.yankodesign.com/2021/09/06/meet-bmw-and-bmw-motorrads-vision-amby-models-and-their-thoughtful-design-process/","https://www.yankodesign.com/images/design_news/2021/09/meet-bmw-and-bmw-motorrads-vision-amby-models-and-their-thoughtful-design-process/BMW_BMW-Motorrad_Vision_AMBY_motorcycle_design-process_heroimage.jpg",2021-09-06 15:22:53,"BMW is on a path to redefine our vision of what automotive design looks like with their BMW Group keynote 2021. Focusing on their two-wheeler concepts that blur the boundary between bicycle and motor… [+6173 chars]",NA,"Yanko Design"
"26",520,200,2021-09-16 14:57:57,"https://newsapi.org/v2/everything?q=Electric%20Vehicles%20AND%20sustainability&language=en&sortBy=relevancy&pageSize=50&page=1","","",1,50,"Chris Chilton","Opinion: Munich Show Reminded Us There’s More To Going Green Than Going Electric","Key focus was on sustainability that goes beyond simple tailpipe emissions..","https://www.carscoops.com/2021/09/opinion-munich-show-reminded-us-theres-more-to-going-green-than-going-electric/","https://www.carscoops.com/wp-content/uploads/2021/09/BMW-Munich-1024x555.jpg",2021-09-08 17:00:49,"Want to make a car greener? Make it electric. Thats the message weve been fed over the last decade or so, and its the thinking that has resulted in legislation that will ban the sales of ICE cars and… [+2030 chars]",NA,"CarScoops"
"27",520,200,2021-09-16 14:57:57,"https://newsapi.org/v2/everything?q=Electric%20Vehicles%20AND%20sustainability&language=en&sortBy=relevancy&pageSize=50&page=1","","",1,50,"Aryn Baker","A Climate Solution Lies Deep Under the Ocean—But Accessing It Could Have Huge Environmental Costs","At the bottom of the pacific ocean lies a solution to the imminent battery shortage ... at a great potential cost to biodiversity and life on earth","https://time.com/6094560/deep-sea-mining-environmental-costs-benefits/","https://api.time.com/wp-content/uploads/2021/09/deep-sea-mining-climate-1.jpg?quality=85&w=1200&h=628&crop=1",2021-09-07 11:00:08,"Scattered three miles deep along the floor of the central Pacific are trillions of black, misshapen nuggets that may just be the solution to an impending energy crisis. Similar in size and appearance… [+26693 chars]","time","Time"
"28",520,200,2021-09-16 14:57:57,"https://newsapi.org/v2/everything?q=Electric%20Vehicles%20AND%20sustainability&language=en&sortBy=relevancy&pageSize=50&page=1","","",1,50,"C.C. Weiss","Sustainably stripped Mini Cooper SE shows the beauty of restraint","One-off cars developed as collaborations between fashion designers and automakers are usually eye-roll affairs that present little beyond loud, questionable graphics, custom embroidery and maybe some big, obnoxious wheels. Which is why Mini's new collaboratio…","https://newatlas.com/automotive/mini-paul-smith-cooper-strip/","https://assets.newatlas.com/dims4/default/8b7e180/2147483647/strip/true/crop/3000x1575+0+213/resize/1200x630!/quality/90/?url=http%3A%2F%2Fnewatlas-brightspot.s3.amazonaws.com%2F8d%2Fa5%2Fcaa177ec490694eabbc486539c9f%2Fp90432223-highres-mini-strip-08-2021.jpg",2021-08-18 20:23:27,"One-off cars developed as collaborations between fashion designers and automakers are usually eye-roll affairs that present little beyond loud, questionable graphics, custom embroidery and maybe some… [+2933 chars]",NA,"New Atlas"
"29",520,200,2021-09-16 14:57:57,"https://newsapi.org/v2/everything?q=Electric%20Vehicles%20AND%20sustainability&language=en&sortBy=relevancy&pageSize=50&page=1","","",1,50,"Lisa Magloff","The world’s first-fossil-fuel-free steel","A partnership between a steel producer and a mining company has resulted in a new method for manufacturing steel without the use of CO2-producing coal
The post The world’s first-fossil-fuel-free steel appeared first on Springwise.","https://www.springwise.com/innovation/manufacturing/electric-oven-steel-carbon-emissions","https://www.springwise.com/wp-content/uploads/2021/09/innovationmanufacturingelectric-oven-steel-carbon-emissions.png",2021-09-15 05:00:00,"Spotted: Steel is everywhere, but it is also a huge polluter. Steel production accounts for around 8 per cent of global CO2 emissions. This means that all the electric vehicles and green buildings wh… [+2179 chars]",NA,"Springwise.com"
"30",520,200,2021-09-16 14:57:57,"https://newsapi.org/v2/everything?q=Electric%20Vehicles%20AND%20sustainability&language=en&sortBy=relevancy&pageSize=50&page=1","","",1,50,"Heather Landy","Can a musician obsessed with sustainability tour responsibly?","AJR is using a mix of carbon offsets and carbon reduction efforts to reduce the footprint of its 2021 and 2022 concert tour—and it's asking fans to help.","https://qz.com/2055448/ajrs-adam-met-on-activism-and-making-concerts-more-sustainable/","https://cms.qz.com/wp-content/uploads/2021/09/AJR-09976-e1631555864197.jpg?quality=75&strip=all&w=1200&h=630&crop=1",2021-09-15 08:43:34,"As carbon-emitting activities go, performing or attending a concert hardly compares with burning fossil fuels or raising large herds of livestock. But more musicians are starting to acknowledge the e… [+14719 chars]",NA,"Quartz India"
"31",520,200,2021-09-16 14:57:57,"https://newsapi.org/v2/everything?q=Electric%20Vehicles%20AND%20sustainability&language=en&sortBy=relevancy&pageSize=50&page=1","","",1,50,"Reda Cherif","The Electric Vehicle Revolution Goes Global","The exponential increase in EVs suggests that they will take over the global auto market by the early 2040s. This will send oil prices plummeting, with profound economic and geopolitical consequences.","https://www.project-syndicate.org/commentary/electirc-vehicles-in-developing-and-emerging-economies-by-reda-cherif-et-al-2021-08","https://webapi.project-syndicate.org/library/39274b1ba9bf14bcede1b929a5906560.2-1-super.1.jpg",2021-08-30 14:58:14,"The exponential increase in EVs suggests that they will take over the global auto market by the early 2040s. This will send oil prices plummeting, with profound economic and geopolitical consequences… [+6188 chars]",NA,"Project Syndicate"
"32",520,200,2021-09-16 14:57:57,"https://newsapi.org/v2/everything?q=Electric%20Vehicles%20AND%20sustainability&language=en&sortBy=relevancy&pageSize=50&page=1","","",1,50,"Selika Josiah Talbott, Contributor, 
 Selika Josiah Talbott, Contributor
 https://www.forbes.com/sites/selikajosiahtalbott/","The State Of Electric Vehicles: Tesla Scrutiny; Buzz For Nio And Rivian","The political economy of electric vehicles requires the attention of regulators, industry, and the public alike. We must apply the proper oversight and focused regulation so that this quickly evolving industry can safely and efficiently move forward.","https://www.forbes.com/sites/selikajosiahtalbott/2021/09/01/the-state-of-electric-vehicles-tesla-scrutiny-buzz-for-nio-and-rivian/","https://thumbor.forbes.com/thumbor/fit-in/1200x0/filters%3Aformat%28jpg%29/https%3A%2F%2Fspecials-images.forbesimg.com%2Fimageserve%2F61302ede88dfaa6ed615be55%2F0x0.jpg",2021-09-02 01:57:06,"NEW YORK, NY, UNITED STATES - 2019/04/17: Rivian R1S seen at the New York International Auto Show at ... [+] the Jacob K. Javits Convention Center in New York. (Photo by Michael Brochstein/SOPA Image… [+7477 chars]",NA,"Forbes"
"33",520,200,2021-09-16 14:57:57,"https://newsapi.org/v2/everything?q=Electric%20Vehicles%20AND%20sustainability&language=en&sortBy=relevancy&pageSize=50&page=1","","",1,50,"Neil Winton, Senior Contributor, 
 Neil Winton, Senior Contributor
 https://www.forbes.com/sites/neilwinton/","China Could Grab Europe’s Mass Market For Electric Cars Unless EU Acts","Europe’s market for small electric cars be dominated by China unless swift action is taken by the European Union (EU) to allow manufacturers to profitably provide cheap vehicles for the mass market, according to a report from consultancy JATO Dynamics.","https://www.forbes.com/sites/neilwinton/2021/09/01/china-could-grab-europes-mass-market-for-electric-cars-unless-eu-acts/","https://thumbor.forbes.com/thumbor/fit-in/1200x0/filters%3Aformat%28jpg%29/https%3A%2F%2Fspecials-images.forbesimg.com%2Fimageserve%2F612f81d20010bec594bf0df2%2F0x0.jpg",2021-09-01 13:52:59,"Europeans need more electric cars like the Wuling Hong Guang Mini (Photo by HECTOR RETAMAL/AFP via ... [+] Getty Images)
AFP via Getty Images
Europes market for small electric cars will be dominate… [+4835 chars]",NA,"Forbes"
"34",520,200,2021-09-16 14:57:57,"https://newsapi.org/v2/everything?q=Electric%20Vehicles%20AND%20sustainability&language=en&sortBy=relevancy&pageSize=50&page=1","","",1,50,"Caleb Miller","1073-HP PORSCHE Mission R Previews Electric Future of Racing...","The electric Mission R concept is about the size of the 718 Cayman but wider and lower, and it can hold its own with a 911 GT3 Cup car around the track.","https://www.caranddriver.com/news/a37484399/porsche-mission-r-electric-future-racing/","https://hips.hearstapps.com/hmg-prod.s3.amazonaws.com/images/300821-porsche23987-ldn-1630875861.jpg?crop=1.00xw:0.753xh;0,0.0983xh&resize=1200:*",2021-09-06 14:19:41,"<ul><li>The Mission R is similar in size to the 718 Cayman, although it's quite a bit wider, and it puts out 671 horsepower in ""race mode"" and cranks that up to 1073 horses in “qualifying mode.""</li>… [+4573 chars]",NA,"Car and Driver"
"35",520,200,2021-09-16 14:57:57,"https://newsapi.org/v2/everything?q=Electric%20Vehicles%20AND%20sustainability&language=en&sortBy=relevancy&pageSize=50&page=1","","",1,50,"Chance Miller","Apple selects 15 Black- and Brown-owned businesses to join its Impact Accelerator program","Apple has announced this morning that it has selected 15 Black- and Brown-owned businesses for a “first-of-its-kind Impact Accelerator.” This program is part of Apple’s Racial Equity and Justice Initiative, and it will help “combat systemic barriers to opport…","https://9to5mac.com/2021/08/17/apple-selects-15-black-and-brown-owned-businesses-to-join-its-impact-accelerator-program/","https://i0.wp.com/9to5mac.com/wp-content/uploads/sites/6/2021/08/apple_impact-accelerator-aug21_hero_08172021.jpg?resize=1200%2C628&quality=82&strip=all&ssl=1",2021-08-17 12:10:26,"Apple has announced this morning that it has selected 15 Black- and Brown-owned businesses for a “first-of-its-kind Impact Accelerator.” This program is part of Apples Racial Equity and Justice Initi… [+10191 chars]",NA,"9to5Mac"
"36",520,200,2021-09-16 14:57:57,"https://newsapi.org/v2/everything?q=Electric%20Vehicles%20AND%20sustainability&language=en&sortBy=relevancy&pageSize=50&page=1","","",1,50,"Al Jazeera","Medellin strives to become Latin America’s first ‘eco-city’","The Colombian city, notorious decades ago for its crime and violence, is reinventing itself.","https://www.aljazeera.com/news/2021/8/31/medellin-strives-to-become-latin-americas-first-eco","https://www.aljazeera.com/wp-content/uploads/2021/08/Electric-Bus-2.jpeg?resize=1200%2C630",2021-08-31 16:06:05,"Medellin, Colombia About 30 years ago, Medellin was considered one of the most dangerous cities in the world. Drug cartels reigned, homicides and explosions were commonplace, and only the foolish str… [+8161 chars]","al-jazeera-english","Al Jazeera English"
"37",520,200,2021-09-16 14:57:57,"https://newsapi.org/v2/everything?q=Electric%20Vehicles%20AND%20sustainability&language=en&sortBy=relevancy&pageSize=50&page=1","","",1,50,"Lisa Magloff","Novel micro-battery could power IoT devices","Researchers are developing a micro-battery that is much more efficient at a smaller size 
The post Novel micro-battery could power IoT devices appeared first on Springwise.","https://www.springwise.com/innovation/agriculture-energy/microbattery-insects-four-times-energy","https://www.springwise.com/wp-content/uploads/2021/09/innovationagriculture-energymicrobattery-insects-four-times-energy.png",2021-09-03 05:00:00,"Spotted: As electronics are becoming smaller, one problem designers face is how to get more power out of ever-smaller batteries. This is a particularly difficult problem because energy density become… [+2330 chars]",NA,"Springwise.com"
"38",520,200,2021-09-16 14:57:57,"https://newsapi.org/v2/everything?q=Electric%20Vehicles%20AND%20sustainability&language=en&sortBy=relevancy&pageSize=50&page=1","","",1,50,"Adele Peters","The world is aiming for net zero emissions by 2050. It’s time to admit it’s not enough","Governments and businesses have settled on an easy-to-remember climate goal. But even if we achieve it, we’ll still face climate disasters that could be prevented with bolder action.
Thirty-three years ago, on a sweltering summer day in 1988, NASA scientist J…","https://www.fastcompany.com/90659281/the-world-is-aiming-for-net-zero-emissions-by-2050-its-time-to-admit-its-not-enough?partner=feedburner&utm_source=feedburner&utm_medium=feed&utm_campaign=feedburner+fastcompany&utm_content=feedburner","https://images.fastcompany.net/image/upload/w_1280,f_auto,q_auto,fl_lossy/wp-cms/uploads/2021/09/p-1-90659281-net-zero-by-2050-isnand8217t-enough.jpg",2021-09-13 06:00:20,"Thirty-three years ago, on a sweltering summer day in 1988, NASA scientist James Hansen stood up in front of Congress and testified about an existential threat to the planet: The climate was changing… [+14932 chars]",NA,"Fast Company"
"39",520,200,2021-09-16 14:57:57,"https://newsapi.org/v2/everything?q=Electric%20Vehicles%20AND%20sustainability&language=en&sortBy=relevancy&pageSize=50&page=1","","",1,50,"Nilay Patel","The quirks and features of YouTube car reviews with Doug DeMuro","Nilay Patel talks to YouTube creator Doug DeMuro about the economics of YouTube, reviewing cars ethically, and launching car auction website Cars and Bids.","https://www.theverge.com/22637871/doug-demuro-car-reviews-youtube-decoder-interview","https://cdn.vox-cdn.com/thumbor/jaTrGvOOUAQk3fCD5lBwuPcW6pg=/0x148:2050x1221/fit-in/1200x630/cdn.vox-cdn.com/uploads/chorus_asset/file/22801385/VRG_ILLO_Decoder_Doug_DeMuro_s.jpg",2021-08-24 13:00:00,"Photo Illustration by Grayson Blackmon / The Verge

 


 Building a career on pushing buttons and seeing what happens Today I’m talking to Doug DeMuro, one of my all-time favorite YouTubers. Doug’s … [+79749 chars]","the-verge","The Verge"
"40",520,200,2021-09-16 14:57:57,"https://newsapi.org/v2/everything?q=Electric%20Vehicles%20AND%20sustainability&language=en&sortBy=relevancy&pageSize=50&page=1","","",1,50,"Clarivate","The Road Ahead: Sustainable Vehicles Today and in the Future","Convergence is an unstoppable natural consequence of innovation. One industry right in the middle of a convergence storm and multiple vectors of disruption is the automotive sector.Register for the webinar nowElectric vehicles and sustainable transportation h…","https://discover.clarivate.com/Sustainable_vehicles?utm_campaign=Feed%3A+IeeeSpectrum+%28IEEE+Spectrum%29&utm_source=feedburner&utm_medium=feed",NA,2021-09-03 20:20:29,"Convergence is an unstoppable natural consequence of innovation. One industry right in the middle of a convergence storm and multiple vectors of disruption is the automotive sector.Electric vehicles … [+465 chars]",NA,"Clarivate.com"
"41",520,200,2021-09-16 14:57:57,"https://newsapi.org/v2/everything?q=Electric%20Vehicles%20AND%20sustainability&language=en&sortBy=relevancy&pageSize=50&page=1","","",1,50,"Tora Northman","Celebrate the Airbag With Heron Preston & Mercedes-Benz","The marriage of fashion and automotive has grown strong over the past few years, with car manufacturers tapping some of the biggest designers and brands right now, the latest partnership is none other than Heron Preston and Mercedes-Benz. Teaming up to celebr…","https://www.highsnobiety.com/p/heron-preston-mercedes-benz-interview/","https://static.highsnobiety.com/thumbor/qDrB5ZuP5EOUtx9qfeB-j4l2W58=/1200x720/static.highsnobiety.com/wp-content/uploads/2021/08/31131827/heron-preston-mercedes-benz-interview-feat.jpg",2021-08-31 11:56:29,"The marriage of fashion and automotive has grown strong over the past few years, with car manufacturers tapping some of the biggest designers and brands right now, the latest partnership is none othe… [+5041 chars]",NA,"Highsnobiety"
"42",520,200,2021-09-16 14:57:57,"https://newsapi.org/v2/everything?q=Electric%20Vehicles%20AND%20sustainability&language=en&sortBy=relevancy&pageSize=50&page=1","","",1,50,"Erik Shilling","The Chevy Bolt Fire Thing Has Really Been A Disaster For GM","Auto sales are bad in Europe, Rivian wants to raise billions more, and the Chevy Bolt fire thing sure seems bad. All that and more in The Morning Shift for September 16, 2021.Read more...","https://jalopnik.com/the-chevy-bolt-fire-thing-has-really-been-a-disaster-fo-1847686728","https://i.kinja-img.com/gawker-media/image/upload/c_fill,f_auto,fl_progressive,g_center,h_675,pg_1,q_80,w_1200/f20633ff775a4c71431dcbdd820fa4a0.png",2021-09-16 14:25:00,"Auto sales are bad in Europe, Rivian wants to raise billions more, and the Chevy Bolt fire thing sure seems bad. All that and more in The Morning Shift for September 16, 2021.
1st Gear: There Was An… [+8378 chars]",NA,"Jalopnik"
"43",520,200,2021-09-16 14:57:57,"https://newsapi.org/v2/everything?q=Electric%20Vehicles%20AND%20sustainability&language=en&sortBy=relevancy&pageSize=50&page=1","","",1,50,"PR Newswire","Lion Announces Upcoming Participation at Virtual Investor Conferences","The Lion Electric Company (NYSE: LEV) (TSX: LEV) (""Lion"" or the ""Company""), a leading manufacturer of all-electric medium and heavy-duty urban vehicles...","https://finance.yahoo.com/news/lion-announces-upcoming-participation-virtual-210500114.html","https://s.yimg.com/uu/api/res/1.2/PvcOgPpunL4Wv5wI2FLU5Q--~B/aD0xNjt3PTE2O2FwcGlkPXl0YWNoeW9u/https://media.zenfs.com/en/prnewswire.com/77dbf210aff8e35cd0958c528b163af6",2021-08-23 21:05:00,"MONTREAL, Aug. 23, 2021 /CNW Telbec/ - The Lion Electric Company (NYSE: LEV) (TSX: LEV) (""Lion"" or the ""Company""), a leading manufacturer of all-electric medium and heavy-duty urban vehicles, announc… [+1816 chars]",NA,"Yahoo Entertainment"
"44",520,200,2021-09-16 14:57:57,"https://newsapi.org/v2/everything?q=Electric%20Vehicles%20AND%20sustainability&language=en&sortBy=relevancy&pageSize=50&page=1","","",1,50,"Arrival Group","Arrival Announces Upcoming Virtual Conference Participation","LUXEMBOURG, Aug. 19, 2021 (GLOBE NEWSWIRE) -- Arrival (NASDAQ: ARVL), pioneer of a unique new method of design and production of affordable electric vehicles...","https://finance.yahoo.com/news/arrival-announces-upcoming-virtual-conference-200500906.html","https://s.yimg.com/ny/api/res/1.2/H3ghSK1Hu7NqZNcpK5Sb0A--/YXBwaWQ9aGlnaGxhbmRlcjt3PTIwMDA7aD0zMjU-/https://s.yimg.com/uu/api/res/1.2/8jRgG1oatUylfihEaIbD_Q--~B/aD0zNDI7dz0yMTA1O2FwcGlkPXl0YWNoeW9u/https://media.zenfs.com/en/globenewswire.com/9a10e76f459000cb527b5cc7e91f487f",2021-08-19 20:05:00,"LUXEMBOURG, Aug. 19, 2021 (GLOBE NEWSWIRE) -- Arrival (NASDAQ: ARVL), pioneer of a unique new method of design and production of affordable electric vehicles (EVs) by local Microfactories, today anno… [+1606 chars]",NA,"Yahoo Entertainment"
"45",520,200,2021-09-16 14:57:57,"https://newsapi.org/v2/everything?q=Electric%20Vehicles%20AND%20sustainability&language=en&sortBy=relevancy&pageSize=50&page=1","","",1,50,"Ken Silverstein, Senior Contributor, 
 Ken Silverstein, Senior Contributor
 https://www.forbes.com/sites/kensilverstein/","What Are The Keys To EV Success? Tesla Is Focused On Battery Recycling","Tesla wants to ramp global sales. A key to doing so, it says, is recycling its batteries.","https://www.forbes.com/sites/kensilverstein/2021/08/24/what-are-the-keys-to-ev-success-tesla-is-focused-on-battery-recycling/","https://thumbor.forbes.com/thumbor/fit-in/1200x0/filters%3Aformat%28jpg%29/https%3A%2F%2Fspecials-images.forbesimg.com%2Fimageserve%2F6123e8eb5da4cdde34d58199%2F0x0.jpg",2021-08-24 11:55:11,"A battery pack stands on a trolley as Tesla Model X sports utility vehicles (SUV) sit in cradles ... [+] during assembly for the European market at the Tesla Motors Inc. factory in Tilburg, Netherlan… [+5618 chars]",NA,"Forbes"
"46",520,200,2021-09-16 14:57:57,"https://newsapi.org/v2/everything?q=Electric%20Vehicles%20AND%20sustainability&language=en&sortBy=relevancy&pageSize=50&page=1","","",1,50,"Sebastien Bell","Electrify America Announces Single Largest Infrastructure Project In America For Freight Trucks","The project will help 60 electric heavy-duty trucks haul goods between ports and a facility in Ontario, California.","https://www.carscoops.com/2021/09/electrify-america-announces-single-largest-infrastructure-project-in-america-for-freight-trucks/","https://www.carscoops.com/wp-content/uploads/2021/09/Electrify-America-x-NFI-Industries-3.jpg",2021-09-01 23:54:19,"Electrify America aims to create 34 DC fast chargers to support the development of a 60-strong fleet of electric heavy-duty freight trucks being planned to serve the Ports of Los Angeles and Long Bea… [+2006 chars]",NA,"CarScoops"
"47",520,200,2021-09-16 14:57:57,"https://newsapi.org/v2/everything?q=Electric%20Vehicles%20AND%20sustainability&language=en&sortBy=relevancy&pageSize=50&page=1","","",1,50,"Jeff Thomson, Senior Contributor, 
 Jeff Thomson, Senior Contributor
 https://www.forbes.com/sites/jeffthomson/","How This CFO Is Helping To Drive The Electric Vehicle Revolution","Cielo Hernandez, CFO of XL Fleet, shares her unique insights on electrification solutions and climate change.","https://www.forbes.com/sites/jeffthomson/2021/08/20/how-this-cfo-is-helping-to-drive-the-electric-vehicle-revolution/","https://thumbor.forbes.com/thumbor/fit-in/1200x0/filters%3Aformat%28jpg%29/https%3A%2F%2Fspecials-images.forbesimg.com%2Fimageserve%2F611e70a2159152ca21c7870b%2F0x0.jpg",2021-08-20 11:00:00,"The electric vehicle market is transforming mass commercial transport.
getty
With growing recognition that fossil fuels are contributing to climate change and extreme weather events, the urgency to… [+8218 chars]",NA,"Forbes"
"48",520,200,2021-09-16 14:57:57,"https://newsapi.org/v2/everything?q=Electric%20Vehicles%20AND%20sustainability&language=en&sortBy=relevancy&pageSize=50&page=1","","",1,50,"Yves Smith","“All-Electric Future Comes At A Huge Cost”","Tempering some of the enthuiasm for ""all-electric"" schemes.","https://www.nakedcapitalism.com/2021/08/all-electric-future-comes-at-a-huge-cost.html",NA,2021-08-25 07:49:02,"Yves here. Just because a post raising concerns about the enthusiasm for electric power comes from a site called Oil Price does not make it all wet. As we and some others have stressed, the Green New… [+6322 chars]",NA,"Nakedcapitalism.com"
"49",520,200,2021-09-16 14:57:57,"https://newsapi.org/v2/everything?q=Electric%20Vehicles%20AND%20sustainability&language=en&sortBy=relevancy&pageSize=50&page=1","","",1,50,"Brad Anderson","All-Electric Volta Zero Truck To Be Built By Steyr Automotive In Austria","The Volta Zero has a centrally mounted driving position and a range of up to 125 miles .","https://www.carscoops.com/2021/09/all-electric-volta-zero-truck-to-be-built-by-steyr-automotive-in-austria/","https://www.carscoops.com/wp-content/uploads/2021/09/Volta-Zero-2.jpg",2021-09-08 07:52:43,"Electric truck start-up Volta Trucks has announced that its Volta Zero truck will be manufactured by Steyr Automotive in Steyr, Austria.
The Volta Zero is marketed as the worlds first purpose-built … [+1779 chars]",NA,"CarScoops"
"50",520,200,2021-09-16 14:57:57,"https://newsapi.org/v2/everything?q=Electric%20Vehicles%20AND%20sustainability&language=en&sortBy=relevancy&pageSize=50&page=1","","",1,50,"Reuters","Nikola, Iveco sign MoU to deliver 25 e-trucks to Hamburg port","Electric-truck maker Nikola and Iveco, the commercial vehicles brand of Italy's CNH Industrial, on Wednesday said they had agreed to test and deliver up to...","https://finance.yahoo.com/news/nikola-iveco-sign-mou-deliver-110614050.html","https://s.yimg.com/uu/api/res/1.2/MG7DjogVEM9qo_d2I1TRNg--~B/aD01MzI7dz04MDA7YXBwaWQ9eXRhY2h5b24-/https://media.zenfs.com/en/reuters-finance.com/330c807e5eea1529327382badf844ebb",2021-09-15 11:06:14,"ULM, Germany (Reuters) - Electric-truck maker Nikola and Iveco, the commercial vehicles brand of Italy's CNH Industrial, on Wednesday said they had agreed to test and deliver up to 25 vehicles to the… [+1033 chars]",NA,"Yahoo Entertainment"
